name,team,season,count,id
 Adrien Silva,leicester-city,2018,9,1
 AdriÃ¡n,west-ham-united,2016,32,2
 AdriÃ¡n,west-ham-united,2017,16,2
 AdriÃ¡n,west-ham-united,2018,19,2
 Alberto Moreno,liverpool-fc,2016,28,3
 Alberto Moreno,liverpool-fc,2017,2,3
 Alberto Moreno,liverpool-fc,2018,14,3
 Aleix GarcÃ­a,manchester-city,2017,1,4
 Alexandre Pato,chelsea-fc,2016,1,5
 Ander Herrera,manchester-united,2016,17,6
 Ander Herrera,manchester-united,2017,27,6
 Ander Herrera,manchester-united,2018,13,6
 Arbeloa,west-ham-united,2017,1,7
 Ayoze PÃ©rez,newcastle-united,2016,22,8
 Ayoze PÃ©rez,newcastle-united,2018,28,8
 Azpilicueta,chelsea-fc,2016,36,9
 Azpilicueta,chelsea-fc,2017,38,9
 Azpilicueta,chelsea-fc,2018,37,9
 BarragÃ¡n,middlesbrough-fc,2017,26,10
 Bernardo Silva,manchester-city,2018,15,11
 Bojan,stoke-city,2016,22,12
 Bojan,stoke-city,2017,5,12
 Bojan,stoke-city,2018,1,12
 Borja BastÃ³n,swansea-city,2017,4,13
 Bruno,brighton-hove-albion,2018,23,14
 Carles Gil,aston-villa,2016,17,15
 Cesc FÃ bregas,chelsea-fc,2016,33,16
 Cesc FÃ bregas,chelsea-fc,2017,13,16
 Cesc FÃ bregas,chelsea-fc,2018,25,16
 Coutinho,liverpool-fc,2016,24,17
 Coutinho,liverpool-fc,2017,28,17
 Coutinho,liverpool-fc,2018,13,17
 CÃ©dric Soares,southampton-fc,2016,23,18
 CÃ©dric Soares,southampton-fc,2017,30,18
 CÃ©dric Soares,southampton-fc,2018,32,18
 Daniel Ayala,middlesbrough-fc,2017,11,19
 Danilo,manchester-city,2018,13,20
 David Luiz,chelsea-fc,2017,33,21
 David Luiz,chelsea-fc,2018,9,21
 David Silva,manchester-city,2016,22,22
 David Silva,manchester-city,2017,31,22
 David Silva,manchester-city,2018,28,22
 De Gea,manchester-united,2016,34,23
 De Gea,manchester-united,2017,35,23
 De Gea,manchester-united,2018,37,23
 Diego Costa,chelsea-fc,2016,27,24
 Diego Costa,chelsea-fc,2017,35,24
 Ederson,manchester-city,2018,36,25
 Emerson,chelsea-fc,2018,3,26
 Evandro,hull-city,2017,7,27
 Fernandinho,manchester-city,2016,31,28
 Fernandinho,manchester-city,2017,31,28
 Fernandinho,manchester-city,2018,33,28
 Fernando,manchester-city,2016,17,29
 Fernando,manchester-city,2017,5,29
 FÃ¡bio,middlesbrough-fc,2017,21,30
 Gabriel Jesus,manchester-city,2017,8,31
 Gabriel Jesus,manchester-city,2018,19,31
 Gabriel Paulista,arsenal-fc,2016,18,32
 Gabriel Paulista,arsenal-fc,2017,15,32
 Gerard Deulofeu,everton-fc,2016,16,33
 Gerard Deulofeu,everton-fc,2017,4,33
 Gerard Deulofeu,watford-fc,2018,5,33
 Gomes,watford-fc,2016,38,34
 Gomes,watford-fc,2017,38,34
 Gomes,watford-fc,2018,24,34
 HÃ©ctor BellerÃ­n,arsenal-fc,2016,36,35
 HÃ©ctor BellerÃ­n,arsenal-fc,2017,27,35
 HÃ©ctor BellerÃ­n,arsenal-fc,2018,34,35
 Iborra,leicester-city,2018,17,36
 Ivo Pinto,norwich-city,2016,9,37
 JesÃ©,stoke-city,2018,8,38
 JesÃºs GÃ¡mez,newcastle-united,2018,1,39
 JesÃºs Navas,manchester-city,2016,24,40
 JesÃºs Navas,manchester-city,2017,12,40
 Joel,everton-fc,2016,13,41
 Joel,everton-fc,2017,19,41
 Joel Pereira,manchester-united,2017,1,42
 Jordi Amat,swansea-city,2016,5,43
 Jordi Amat,swansea-city,2017,15,43
 Jordi GÃ³mez,sunderland-afc,2016,5,44
 Joselu,newcastle-united,2018,19,45
 Joselu,stoke-city,2016,10,45
 JosÃ© Fonte,southampton-fc,2016,37,46
 JosÃ© Fonte,southampton-fc,2017,17,46
 JosÃ© Fonte,west-ham-united,2017,16,46
 JosÃ© Fonte,west-ham-united,2018,8,46
 JoÃ£o MÃ¡rio,west-ham-united,2018,12,47
 Jurado,watford-fc,2016,27,48
 Kenedy,chelsea-fc,2016,4,49
 Kenedy,chelsea-fc,2017,1,49
 Kenedy,newcastle-united,2018,13,49
 Kiko FemenÃ­a,watford-fc,2018,19,50
 Llorente,swansea-city,2017,28,51
 Llorente,tottenham-hotspur,2018,1,51
 Lucas,tottenham-hotspur,2018,2,52
 Lucas Leiva,liverpool-fc,2016,21,53
 Lucas Leiva,liverpool-fc,2017,12,53
 Lucas PÃ©rez,arsenal-fc,2017,2,54
 Luis HernÃ¡ndez,leicester-city,2017,3,55
 Manquillo,newcastle-united,2018,19,56
 Manquillo,sunderland-afc,2017,15,56
 Marcos Alonso,chelsea-fc,2017,30,57
 Marcos Alonso,chelsea-fc,2018,33,57
 Mario SuÃ¡rez,watford-fc,2016,8,58
 Mata,manchester-united,2016,34,59
 Mata,manchester-united,2017,19,59
 Mata,manchester-united,2018,23,59
 Mikel Merino,newcastle-united,2018,14,60
 Morata,chelsea-fc,2018,24,61
 Muniesa,stoke-city,2016,12,62
 Muniesa,stoke-city,2017,7,62
 Nacho Monreal,arsenal-fc,2016,36,63
 Nacho Monreal,arsenal-fc,2017,35,63
 Nacho Monreal,arsenal-fc,2018,26,63
 Nolito,manchester-city,2017,9,64
 Oriol Romeu,southampton-fc,2016,17,65
 Oriol Romeu,southampton-fc,2017,35,65
 Oriol Romeu,southampton-fc,2018,34,65
 Oscar,chelsea-fc,2016,20,66
 Oscar,chelsea-fc,2017,5,66
 Pedro,chelsea-fc,2016,24,67
 Pedro,chelsea-fc,2017,26,67
 Pedro,chelsea-fc,2018,17,67
 Pedro Chirivella,liverpool-fc,2016,1,68
 Pedro Obiang,west-ham-united,2016,11,69
 Pedro Obiang,west-ham-united,2017,21,69
 Pedro Obiang,west-ham-united,2018,18,69
 Ramires,chelsea-fc,2016,7,70
 Renato Sanches,swansea-city,2018,9,71
 Richarlison,watford-fc,2018,32,72
 Roberto Firmino,liverpool-fc,2016,24,73
 Roberto Firmino,liverpool-fc,2017,34,73
 Roberto Firmino,liverpool-fc,2018,32,73
 Roque Mesa,swansea-city,2018,9,74
 Sandro,everton-fc,2018,3,75
 Sandro,west-bromwich-albion,2016,5,75
 Santi Cazorla,arsenal-fc,2016,15,76
 Santi Cazorla,arsenal-fc,2017,7,76
 VÃ­ctor ValdÃ©s,middlesbrough-fc,2017,28,77
 Willian,chelsea-fc,2016,32,78
 Willian,chelsea-fc,2017,15,78
 Willian,chelsea-fc,2018,20,78
 Ãngel Rangel,swansea-city,2016,20,79
 Ãngel Rangel,swansea-city,2017,8,79
 Ãngel Rangel,swansea-city,2018,2,79
 Ãlvaro Negredo,middlesbrough-fc,2017,33,80
 Ãngel Crespo,aston-villa,2016,1,81
 Ãder,swansea-city,2016,2,82
Aaron Cresswell,west-ham-united,2016,37,83
Aaron Cresswell,west-ham-united,2017,24,83
Aaron Cresswell,west-ham-united,2018,35,83
Aaron Lennon,burnley-fc,2018,13,84
Aaron Lennon,everton-fc,2016,17,84
Aaron Lennon,everton-fc,2017,6,84
Aaron Lennon,everton-fc,2018,9,84
Aaron Mooy,huddersfield-town,2018,34,85
Aaron Ramsey,arsenal-fc,2016,29,86
Aaron Ramsey,arsenal-fc,2017,13,86
Aaron Ramsey,arsenal-fc,2018,21,86
Aaron Wan-Bissaka,crystal-palace,2018,7,87
Abdelhamid Sabiri,huddersfield-town,2018,2,88
Abdoulaye DoucourÃ©,watford-fc,2017,14,89
Abdoulaye DoucourÃ©,watford-fc,2018,37,89
Abdul Rahman Baba,chelsea-fc,2016,11,90
Abel HernÃ¡ndez,hull-city,2017,16,91
Adam Clayton,middlesbrough-fc,2017,32,92
Adam Federici,afc-bournemouth,2016,6,93
Adam Federici,afc-bournemouth,2017,2,93
Adam Forshaw,middlesbrough-fc,2017,30,94
Adam Johnson,sunderland-afc,2016,11,95
Adam Lallana,liverpool-fc,2016,23,96
Adam Lallana,liverpool-fc,2017,27,96
Adam Lallana,liverpool-fc,2018,1,96
Adam Smith,afc-bournemouth,2016,22,97
Adam Smith,afc-bournemouth,2017,34,97
Adam Smith,afc-bournemouth,2018,22,97
Adama DiomandÃ©,hull-city,2017,13,98
Adama TraorÃ©,middlesbrough-fc,2017,16,99
Ademola Lookman,everton-fc,2017,3,100
Ademola Lookman,everton-fc,2018,1,100
AdlÃ¨ne GuÃ©dioura,watford-fc,2016,3,101
AdlÃ¨ne GuÃ©dioura,watford-fc,2017,9,101
Adnan Januzaj,manchester-united,2016,2,102
Adnan Januzaj,sunderland-afc,2017,18,102
Adrian Mariappa,crystal-palace,2016,3,103
Adrian Mariappa,watford-fc,2017,6,103
Adrian Mariappa,watford-fc,2018,24,103
Ahmed El Mohamady,hull-city,2017,28,104
Ahmed Hegazy,west-bromwich-albion,2018,38,105
Ahmed Musa,leicester-city,2017,7,106
Ainsley Maitland-Niles,arsenal-fc,2018,8,107
Alan Hutton,aston-villa,2016,26,108
Albert Adomah,middlesbrough-fc,2017,1,109
Alberto Paloschi,swansea-city,2016,7,110
Aleksandar DragoviÄ,leicester-city,2018,7,111
Aleksandar Kolarov,manchester-city,2016,25,112
Aleksandar Kolarov,manchester-city,2017,27,112
Aleksandar MitroviÄ,newcastle-united,2016,22,113
Alex Iwobi,arsenal-fc,2016,8,114
Alex Iwobi,arsenal-fc,2017,18,114
Alex Iwobi,arsenal-fc,2018,22,114
Alex McCarthy,crystal-palace,2016,7,115
Alex McCarthy,southampton-fc,2018,18,115
Alex Oxlade-Chamberlain,arsenal-fc,2016,9,116
Alex Oxlade-Chamberlain,arsenal-fc,2017,16,116
Alex Oxlade-Chamberlain,arsenal-fc,2018,3,116
Alex Oxlade-Chamberlain,liverpool-fc,2018,14,116
Alex Pritchard,huddersfield-town,2018,12,117
Alex Song,west-ham-united,2016,8,118
Alexander SÃ¸rloth,crystal-palace,2018,4,119
Alexander Tettey,norwich-city,2016,23,120
Alexandre Lacazette,arsenal-fc,2018,26,121
Alexis SÃ¡nchez,arsenal-fc,2016,28,122
Alexis SÃ¡nchez,arsenal-fc,2017,36,122
Alexis SÃ¡nchez,arsenal-fc,2018,17,122
Alexis SÃ¡nchez,manchester-united,2018,12,122
Alfie Mawson,swansea-city,2017,27,123
Alfie Mawson,swansea-city,2018,38,123
Alfred N'Diaye,hull-city,2017,15,124
Allan Nyom,watford-fc,2016,29,125
Allan Nyom,west-bromwich-albion,2017,29,125
Allan Nyom,west-bromwich-albion,2018,25,125
Almen Abdi,watford-fc,2016,25,126
Aly Cissokho,aston-villa,2016,18,127
Andre Gray,burnley-fc,2017,26,128
Andre Gray,watford-fc,2018,16,128
Andre Wisdom,norwich-city,2016,9,129
Andrea Ranocchia,hull-city,2017,15,130
Andreas Christensen,chelsea-fc,2018,23,131
Andrew Robertson,hull-city,2017,31,132
Andrew Robertson,liverpool-fc,2018,22,132
Andrew Surman,afc-bournemouth,2016,38,133
Andrew Surman,afc-bournemouth,2017,21,133
Andrew Surman,afc-bournemouth,2018,20,133
Andros Townsend,crystal-palace,2017,30,134
Andros Townsend,crystal-palace,2018,35,134
Andros Townsend,newcastle-united,2016,12,134
AndrÃ© Ayew,swansea-city,2016,34,135
AndrÃ© Ayew,swansea-city,2018,10,135
AndrÃ© Ayew,west-ham-united,2017,16,135
AndrÃ© Ayew,west-ham-united,2018,9,135
AndrÃ© Carrillo,watford-fc,2018,16,136
Andy Carroll,west-ham-united,2016,13,137
Andy Carroll,west-ham-united,2017,15,137
Andy Carroll,west-ham-united,2018,7,137
Andy King,leicester-city,2016,9,138
Andy King,leicester-city,2017,15,138
Andy King,leicester-city,2018,5,138
Andy King,swansea-city,2018,9,138
Angelo Ogbonna,west-ham-united,2016,27,139
Angelo Ogbonna,west-ham-united,2017,20,139
Angelo Ogbonna,west-ham-united,2018,32,139
Anthony Knockaert,brighton-hove-albion,2018,27,140
Anthony Martial,manchester-united,2016,29,141
Anthony Martial,manchester-united,2017,18,141
Anthony Martial,manchester-united,2018,18,141
Antonio RÃ¼diger,chelsea-fc,2018,25,142
Antonio Valencia,manchester-united,2016,8,143
Antonio Valencia,manchester-united,2017,27,143
Antonio Valencia,manchester-united,2018,31,143
Arouna KonÃ©,everton-fc,2016,16,144
Arthur Masuaku,west-ham-united,2017,11,145
Arthur Masuaku,west-ham-united,2018,21,145
Artur Boruc,afc-bournemouth,2016,32,146
Artur Boruc,afc-bournemouth,2017,35,146
Ashley Barnes,burnley-fc,2017,20,147
Ashley Barnes,burnley-fc,2018,21,147
Ashley Fletcher,west-ham-united,2017,2,148
Ashley Westwood,aston-villa,2016,31,149
Ashley Westwood,burnley-fc,2017,6,149
Ashley Westwood,burnley-fc,2018,12,149
Ashley Williams,everton-fc,2017,35,150
Ashley Williams,everton-fc,2018,20,150
Ashley Williams,swansea-city,2016,36,150
Ashley Young,manchester-united,2016,11,151
Ashley Young,manchester-united,2017,8,151
Ashley Young,manchester-united,2018,28,151
Asmir BegoviÄ,afc-bournemouth,2018,38,152
Asmir BegoviÄ,chelsea-fc,2016,15,152
Asmir BegoviÄ,chelsea-fc,2017,2,152
Axel Tuanzebe,manchester-united,2017,4,153
Aymeric Laporte,manchester-city,2018,9,154
Bacary Sagna,manchester-city,2016,27,155
Bacary Sagna,manchester-city,2017,14,155
BafÃ©timbi Gomis,swansea-city,2016,18,156
Bakary Sako,crystal-palace,2016,11,157
Bakary Sako,crystal-palace,2018,4,157
Bastian Schweinsteiger,manchester-united,2016,13,158
Ben Chilwell,leicester-city,2017,7,159
Ben Chilwell,leicester-city,2018,20,159
Ben Davies,tottenham-hotspur,2016,14,160
Ben Davies,tottenham-hotspur,2017,18,160
Ben Davies,tottenham-hotspur,2018,26,160
Ben Foster,west-bromwich-albion,2016,15,161
Ben Foster,west-bromwich-albion,2017,38,161
Ben Foster,west-bromwich-albion,2018,37,161
Ben Gibson,middlesbrough-fc,2017,38,162
Ben Hamer,leicester-city,2018,3,163
Ben Mee,burnley-fc,2017,34,164
Ben Mee,burnley-fc,2018,29,164
Ben Watson,watford-fc,2016,31,165
Ben Watson,watford-fc,2018,6,165
Beni Baningime,everton-fc,2018,1,166
Benik Afobe,afc-bournemouth,2016,12,167
Benik Afobe,afc-bournemouth,2017,14,167
Benik Afobe,afc-bournemouth,2018,5,167
Benjamin Mendy,manchester-city,2018,4,168
Benjamin Woodburn,liverpool-fc,2017,1,169
Bernardo Espinosa,middlesbrough-fc,2017,10,170
Bertrand TraorÃ©,chelsea-fc,2016,4,171
Billy Jones,sunderland-afc,2016,23,172
Billy Jones,sunderland-afc,2017,25,172
Biram Kayal,brighton-hove-albion,2018,8,173
Boaz Myhill,west-bromwich-albion,2016,23,174
Boaz Myhill,west-bromwich-albion,2018,1,174
Brad Guzan,aston-villa,2016,28,175
Brad Guzan,middlesbrough-fc,2017,10,175
Brad Smith,afc-bournemouth,2017,3,176
Brad Smith,liverpool-fc,2016,3,176
Bradley Johnson,norwich-city,2016,1,177
Brandon Mason,watford-fc,2017,1,178
Branislav IvanoviÄ,chelsea-fc,2016,33,179
Branislav IvanoviÄ,chelsea-fc,2017,6,179
Brede Hangeland,crystal-palace,2016,7,180
Brendan Galloway,everton-fc,2016,14,181
Brendan Galloway,west-bromwich-albion,2017,3,181
Bruno Martins Indi,stoke-city,2017,35,182
Bruno Martins Indi,stoke-city,2018,14,182
Bryan Oviedo,everton-fc,2016,12,183
Bryan Oviedo,everton-fc,2017,6,183
Bryan Oviedo,sunderland-afc,2017,10,183
Callum McManaman,west-bromwich-albion,2016,2,184
Callum Wilson,afc-bournemouth,2016,9,185
Callum Wilson,afc-bournemouth,2017,16,185
Callum Wilson,afc-bournemouth,2018,23,185
Calum Chambers,arsenal-fc,2016,2,186
Calum Chambers,arsenal-fc,2017,1,186
Calum Chambers,arsenal-fc,2018,10,186
Calum Chambers,middlesbrough-fc,2017,24,186
Cameron Borthwick-Jackson,manchester-united,2016,6,187
Cameron Brannagan,liverpool-fc,2016,1,188
Cameron Jerome,norwich-city,2016,19,189
Carl Jenkinson,arsenal-fc,2017,1,190
Carl Jenkinson,west-ham-united,2016,13,190
Carlos SÃ¡nchez,aston-villa,2016,16,191
Cenk Tosun,everton-fc,2018,12,192
Chancel Mbemba,newcastle-united,2016,33,193
Chancel Mbemba,newcastle-united,2018,7,193
Charlie Adam,stoke-city,2016,12,194
Charlie Adam,stoke-city,2017,17,194
Charlie Adam,stoke-city,2018,5,194
Charlie Austin,southampton-fc,2016,2,195
Charlie Austin,southampton-fc,2017,11,195
Charlie Austin,southampton-fc,2018,10,195
Charlie Daniels,afc-bournemouth,2016,37,196
Charlie Daniels,afc-bournemouth,2017,34,196
Charlie Daniels,afc-bournemouth,2018,34,196
Charlie Taylor,burnley-fc,2018,10,197
Cheick TiotÃ©,newcastle-united,2016,16,198
Cheikhou KouyatÃ©,west-ham-united,2016,34,199
Cheikhou KouyatÃ©,west-ham-united,2017,31,199
Cheikhou KouyatÃ©,west-ham-united,2018,32,199
Chris Brunt,west-bromwich-albion,2016,20,200
Chris Brunt,west-bromwich-albion,2017,27,200
Chris Brunt,west-bromwich-albion,2018,22,200
Chris LÃ¶we,huddersfield-town,2018,19,201
Chris Smalling,manchester-united,2016,35,202
Chris Smalling,manchester-united,2017,13,202
Chris Smalling,manchester-united,2018,28,202
Chris Wood,burnley-fc,2018,20,203
Christian Atsu,newcastle-united,2018,19,204
Christian Benteke,crystal-palace,2017,36,205
Christian Benteke,crystal-palace,2018,24,205
Christian Benteke,liverpool-fc,2016,14,205
Christian Eriksen,tottenham-hotspur,2016,33,206
Christian Eriksen,tottenham-hotspur,2017,36,206
Christian Eriksen,tottenham-hotspur,2018,37,206
Christian Fuchs,leicester-city,2016,30,207
Christian Fuchs,leicester-city,2017,35,207
Christian Fuchs,leicester-city,2018,21,207
Christian Kabasele,watford-fc,2017,7,208
Christian Kabasele,watford-fc,2018,27,208
Christopher Schindler,huddersfield-town,2018,37,209
Chung-yong Lee,crystal-palace,2016,4,210
Chung-yong Lee,crystal-palace,2017,4,210
Chung-yong Lee,crystal-palace,2018,1,210
Ciaran Clark,aston-villa,2016,16,211
Ciaran Clark,newcastle-united,2018,19,211
Claudio Bravo,manchester-city,2017,22,212
Claudio Bravo,manchester-city,2018,2,212
Claudio Yacob,west-bromwich-albion,2016,33,213
Claudio Yacob,west-bromwich-albion,2017,27,213
Claudio Yacob,west-bromwich-albion,2018,9,213
Collin Quaner,huddersfield-town,2018,13,214
Connor Goldson,brighton-hove-albion,2018,2,215
Connor Randall,liverpool-fc,2016,2,216
Connor Roberts,swansea-city,2018,3,217
Connor Wickham,crystal-palace,2016,15,218
Connor Wickham,crystal-palace,2017,4,218
Costel Pantilimon,sunderland-afc,2016,17,219
Craig Cathcart,watford-fc,2016,34,220
Craig Cathcart,watford-fc,2017,13,220
Craig Cathcart,watford-fc,2018,5,220
Craig Dawson,west-bromwich-albion,2016,38,221
Craig Dawson,west-bromwich-albion,2017,37,221
Craig Dawson,west-bromwich-albion,2018,28,221
Craig Gardner,west-bromwich-albion,2016,20,222
Craig Gardner,west-bromwich-albion,2017,2,222
Cristhian Stuani,middlesbrough-fc,2017,16,223
Cuco Martina,everton-fc,2018,20,224
Cuco Martina,southampton-fc,2016,11,224
Cuco Martina,southampton-fc,2017,6,224
Curtis Davies,hull-city,2017,25,225
Dale Stephens,brighton-hove-albion,2018,36,226
Daley Blind,manchester-united,2016,35,227
Daley Blind,manchester-united,2017,20,227
Daley Blind,manchester-united,2018,4,227
Dame N'Doye,sunderland-afc,2016,5,228
Damien Delaney,crystal-palace,2016,32,229
Damien Delaney,crystal-palace,2017,21,229
Damien Delaney,crystal-palace,2018,1,229
Dan Gosling,afc-bournemouth,2016,28,230
Dan Gosling,afc-bournemouth,2017,14,230
Dan Gosling,afc-bournemouth,2018,21,230
Daniel Amartey,leicester-city,2016,1,231
Daniel Amartey,leicester-city,2017,17,231
Daniel Amartey,leicester-city,2018,6,231
Daniel Sturridge,liverpool-fc,2016,11,232
Daniel Sturridge,liverpool-fc,2017,7,232
Daniel Sturridge,liverpool-fc,2018,5,232
Daniel Sturridge,west-bromwich-albion,2018,2,232
Daniel Williams,huddersfield-town,2018,11,233
Danny Drinkwater,chelsea-fc,2018,5,234
Danny Drinkwater,leicester-city,2016,35,234
Danny Drinkwater,leicester-city,2017,27,234
Danny Graham,sunderland-afc,2016,4,235
Danny Ings,liverpool-fc,2016,3,236
Danny Ings,liverpool-fc,2018,3,236
Danny Rose,tottenham-hotspur,2016,24,237
Danny Rose,tottenham-hotspur,2017,18,237
Danny Rose,tottenham-hotspur,2018,9,237
Danny Simpson,leicester-city,2016,30,238
Danny Simpson,leicester-city,2017,34,238
Danny Simpson,leicester-city,2018,27,238
Danny Ward,liverpool-fc,2016,2,239
Danny Welbeck,arsenal-fc,2016,7,240
Danny Welbeck,arsenal-fc,2017,8,240
Danny Welbeck,arsenal-fc,2018,12,240
Darren Fletcher,stoke-city,2018,25,241
Darren Fletcher,west-bromwich-albion,2016,38,241
Darren Fletcher,west-bromwich-albion,2017,37,241
Darren Randolph,west-ham-united,2016,6,242
Darren Randolph,west-ham-united,2017,22,242
Darron Gibson,everton-fc,2016,2,243
Darron Gibson,sunderland-afc,2017,7,243
Daryl Janmaat,newcastle-united,2016,32,244
Daryl Janmaat,watford-fc,2017,18,244
Daryl Janmaat,watford-fc,2018,21,244
David Jones,burnley-fc,2017,1,245
David Marshall,hull-city,2017,16,246
David Meyler,hull-city,2017,9,247
David Ospina,arsenal-fc,2016,4,248
David Ospina,arsenal-fc,2017,1,248
David Ospina,arsenal-fc,2018,4,248
Davide Zappacosta,chelsea-fc,2018,12,249
Davinson SÃ¡nchez,tottenham-hotspur,2018,29,250
Davy Klaassen,everton-fc,2018,3,251
Davy PrÃ¶pper,brighton-hove-albion,2018,35,252
DeAndre Yedlin,newcastle-united,2018,31,253
DeAndre Yedlin,sunderland-afc,2016,21,253
Dean Marney,burnley-fc,2017,21,254
Declan Rice,west-ham-united,2018,15,255
Declan Rudd,norwich-city,2016,11,256
Dejan Lovren,liverpool-fc,2016,22,257
Dejan Lovren,liverpool-fc,2017,29,257
Dejan Lovren,liverpool-fc,2018,25,257
Dele Alli,tottenham-hotspur,2016,28,258
Dele Alli,tottenham-hotspur,2017,35,258
Dele Alli,tottenham-hotspur,2018,34,258
Demarai Gray,leicester-city,2016,1,259
Demarai Gray,leicester-city,2017,9,259
Demarai Gray,leicester-city,2018,17,259
Demetri Mitchell,manchester-united,2017,1,260
Diafra Sakho,west-ham-united,2016,18,261
Diafra Sakho,west-ham-united,2017,2,261
Didier Ndong,sunderland-afc,2017,27,262
Dieumerci Mbokani,hull-city,2017,8,263
Dieumerci Mbokani,norwich-city,2016,15,263
Dimitri Payet,west-ham-united,2016,29,264
Dimitri Payet,west-ham-united,2017,17,264
Divock Origi,liverpool-fc,2016,7,265
Divock Origi,liverpool-fc,2017,14,265
Dominic Calvert-Lewin,everton-fc,2017,5,266
Dominic Calvert-Lewin,everton-fc,2018,18,266
Dominic Solanke,liverpool-fc,2018,5,267
Donald Love,sunderland-afc,2017,6,268
Duncan Watmore,sunderland-afc,2016,7,269
Duncan Watmore,sunderland-afc,2017,11,269
DuÅ¡an TadiÄ,southampton-fc,2016,27,270
DuÅ¡an TadiÄ,southampton-fc,2017,30,270
DuÅ¡an TadiÄ,southampton-fc,2018,34,270
Dwight Gayle,crystal-palace,2016,8,271
Dwight Gayle,newcastle-united,2018,23,271
Eden Hazard,chelsea-fc,2016,25,272
Eden Hazard,chelsea-fc,2017,36,272
Eden Hazard,chelsea-fc,2018,28,272
Edimilson Fernandes,west-ham-united,2017,8,273
Edimilson Fernandes,west-ham-united,2018,9,273
Eldin JakupoviÄ,hull-city,2017,22,274
Eldin JakupoviÄ,leicester-city,2018,2,274
Eliaquim Mangala,everton-fc,2018,2,275
Eliaquim Mangala,manchester-city,2016,23,275
Eliaquim Mangala,manchester-city,2018,4,275
Elias Kachunga,huddersfield-town,2018,17,276
Emerson Hyndman,afc-bournemouth,2018,1,277
Emiliano MartÃ­nez,arsenal-fc,2017,2,278
Emilio N'Sue,middlesbrough-fc,2017,4,279
Emmanuel Adebayor,crystal-palace,2016,7,280
Emmanuel Emenike,west-ham-united,2016,5,281
Emmanuel RiviÃ¨re,newcastle-united,2016,1,282
Emre Can,liverpool-fc,2016,28,283
Emre Can,liverpool-fc,2017,26,283
Emre Can,liverpool-fc,2018,24,283
Enner Valencia,everton-fc,2017,5,284
Enner Valencia,west-ham-united,2016,10,284
Enner Valencia,west-ham-united,2017,3,284
Eric Bailly,manchester-united,2017,24,285
Eric Bailly,manchester-united,2018,11,285
Eric Dier,tottenham-hotspur,2016,37,286
Eric Dier,tottenham-hotspur,2017,34,286
Eric Dier,tottenham-hotspur,2018,32,286
Eric Maxim Choupo-Moting,stoke-city,2018,26,287
Erik Pieters,stoke-city,2016,35,288
Erik Pieters,stoke-city,2017,35,288
Erik Pieters,stoke-city,2018,30,288
Eunan O'Kane,afc-bournemouth,2016,6,289
Ezequiel Schelotto,brighton-hove-albion,2018,15,290
Fabian Delph,manchester-city,2016,8,291
Fabian Delph,manchester-city,2017,2,291
Fabian Delph,manchester-city,2018,21,291
Fabio Borini,sunderland-afc,2016,22,292
Fabio Borini,sunderland-afc,2017,19,292
Fabricio Coloccini,newcastle-united,2016,26,293
Federico FernÃ¡ndez,swansea-city,2016,32,294
Federico FernÃ¡ndez,swansea-city,2017,27,294
Federico FernÃ¡ndez,swansea-city,2018,30,294
Florent Hadergjonaj,huddersfield-town,2018,19,295
Florian Lejeune,newcastle-united,2018,24,296
Florian Thauvin,newcastle-united,2016,3,297
FoussÃ©ni DiabatÃ©,leicester-city,2018,5,298
Fraizer Campbell,crystal-palace,2016,4,299
Francis Coquelin,arsenal-fc,2016,21,300
Francis Coquelin,arsenal-fc,2017,22,300
Francis Coquelin,arsenal-fc,2018,1,300
Fraser Forster,southampton-fc,2016,18,301
Fraser Forster,southampton-fc,2017,38,301
Fraser Forster,southampton-fc,2018,20,301
Gabriel Agbonlahor,aston-villa,2016,13,302
Gabriel Obertan,newcastle-united,2016,3,303
Gareth Barry,everton-fc,2016,32,304
Gareth Barry,everton-fc,2017,23,304
Gareth Barry,west-bromwich-albion,2018,22,304
Gareth McAuley,west-bromwich-albion,2016,34,305
Gareth McAuley,west-bromwich-albion,2017,36,305
Gareth McAuley,west-bromwich-albion,2018,5,305
Gary Cahill,chelsea-fc,2016,21,306
Gary Cahill,chelsea-fc,2017,36,306
Gary Cahill,chelsea-fc,2018,24,306
Gary O'Neil,norwich-city,2016,19,307
GastÃ³n RamÃ­rez,middlesbrough-fc,2017,20,308
GaÃ«l Clichy,manchester-city,2016,12,309
GaÃ«l Clichy,manchester-city,2017,24,309
GaÃ«tan Bong,brighton-hove-albion,2018,25,310
Geoff Cameron,stoke-city,2016,27,311
Geoff Cameron,stoke-city,2017,18,311
Geoff Cameron,stoke-city,2018,17,311
George Boyd,burnley-fc,2017,33,312
George Friend,middlesbrough-fc,2017,20,313
George Honeyman,sunderland-afc,2017,2,314
Georges-KÃ©vin N'Koudou,burnley-fc,2018,2,315
Georginio Wijnaldum,liverpool-fc,2017,33,316
Georginio Wijnaldum,liverpool-fc,2018,27,316
Georginio Wijnaldum,newcastle-united,2016,36,316
Giannelli Imbula,stoke-city,2016,14,317
Giannelli Imbula,stoke-city,2017,9,317
Glen Johnson,stoke-city,2016,25,318
Glen Johnson,stoke-city,2017,21,318
Glen Johnson,stoke-city,2018,7,318
Glenn Murray,afc-bournemouth,2016,6,319
Glenn Murray,brighton-hove-albion,2018,25,319
Glenn Murray,crystal-palace,2016,2,319
Glenn Whelan,stoke-city,2016,37,320
Glenn Whelan,stoke-city,2017,26,320
Graham Dorrans,norwich-city,2016,14,321
Granit Xhaka,arsenal-fc,2017,28,322
Granit Xhaka,arsenal-fc,2018,37,322
Grant Leadbitter,middlesbrough-fc,2017,7,323
Graziano PellÃ¨,southampton-fc,2016,23,324
Grzegorz Krychowiak,west-bromwich-albion,2018,20,325
Guido Carrillo,southampton-fc,2018,5,326
Guillermo Varela,manchester-united,2016,3,327
Gylfi SigurÃ°sson,everton-fc,2018,25,328
Gylfi SigurÃ°sson,swansea-city,2016,32,328
Gylfi SigurÃ°sson,swansea-city,2017,37,328
GÃ¶khan Inler,leicester-city,2016,3,329
GÃ¶khan TÃ¶re,west-ham-united,2017,3,330
Hal Robson-Kanu,west-bromwich-albion,2017,5,331
Hal Robson-Kanu,west-bromwich-albion,2018,8,331
Hamza Choudhury,leicester-city,2018,4,332
Harrison Reed,southampton-fc,2017,1,333
Harry Arter,afc-bournemouth,2016,21,334
Harry Arter,afc-bournemouth,2017,33,334
Harry Arter,afc-bournemouth,2018,11,334
Harry Kane,tottenham-hotspur,2016,38,335
Harry Kane,tottenham-hotspur,2017,29,335
Harry Kane,tottenham-hotspur,2018,35,335
Harry Maguire,hull-city,2017,25,336
Harry Maguire,leicester-city,2018,38,336
Harry Winks,tottenham-hotspur,2017,3,337
Harry Winks,tottenham-hotspur,2018,9,337
Henri Saivet,newcastle-united,2016,2,338
Henri Saivet,newcastle-united,2018,1,338
Henrikh Mkhitaryan,arsenal-fc,2018,9,339
Henrikh Mkhitaryan,manchester-united,2017,15,339
Henrikh Mkhitaryan,manchester-united,2018,11,339
Heung-min Son,tottenham-hotspur,2016,13,340
Heung-min Son,tottenham-hotspur,2017,23,340
Heung-min Son,tottenham-hotspur,2018,27,340
Hugo Lloris,tottenham-hotspur,2016,37,341
Hugo Lloris,tottenham-hotspur,2017,34,341
Hugo Lloris,tottenham-hotspur,2018,36,341
HÃ¥vard Nordtveit,west-ham-united,2017,11,342
Ibrahim Afellay,stoke-city,2016,24,343
Ibrahim Afellay,stoke-city,2017,3,343
Ibrahim Afellay,stoke-city,2018,1,343
Idrissa Gueye,aston-villa,2016,35,344
Idrissa Gueye,everton-fc,2017,32,344
Idrissa Gueye,everton-fc,2018,32,344
Ikechi Anya,watford-fc,2016,17,345
Isaac Hayden,newcastle-united,2018,15,346
Isaac Success,watford-fc,2017,2,347
Islam Slimani,leicester-city,2017,13,348
Islam Slimani,leicester-city,2018,2,348
Islam Slimani,newcastle-united,2018,1,348
Izzy Brown,brighton-hove-albion,2018,4,349
Jack Butland,stoke-city,2016,31,350
Jack Butland,stoke-city,2017,5,350
Jack Butland,stoke-city,2018,35,350
Jack Colback,newcastle-united,2016,28,351
Jack Cork,burnley-fc,2018,38,352
Jack Cork,swansea-city,2016,28,352
Jack Cork,swansea-city,2017,25,352
Jack Grealish,aston-villa,2016,9,353
Jack Rodwell,sunderland-afc,2016,9,354
Jack Rodwell,sunderland-afc,2017,17,354
Jack Simpson,afc-bournemouth,2018,1,355
Jack Stephens,southampton-fc,2017,15,356
Jack Stephens,southampton-fc,2018,22,356
Jack Wilshere,afc-bournemouth,2017,22,357
Jack Wilshere,arsenal-fc,2016,1,357
Jack Wilshere,arsenal-fc,2018,12,357
Jacob Murphy,newcastle-united,2018,13,358
Jake Livermore,hull-city,2017,20,359
Jake Livermore,west-bromwich-albion,2017,15,359
Jake Livermore,west-bromwich-albion,2018,30,359
Jakob Haugaard,stoke-city,2016,4,360
Jamaal Lascelles,newcastle-united,2016,10,361
Jamaal Lascelles,newcastle-united,2018,32,361
James Chester,west-bromwich-albion,2016,9,362
James Collins,west-ham-united,2016,16,363
James Collins,west-ham-united,2017,19,363
James Collins,west-ham-united,2018,12,363
James Husband,middlesbrough-fc,2017,1,364
James McArthur,crystal-palace,2016,26,365
James McArthur,crystal-palace,2017,24,365
James McArthur,crystal-palace,2018,27,365
James McCarthy,everton-fc,2016,29,366
James McCarthy,everton-fc,2017,7,366
James McCarthy,everton-fc,2018,3,366
James McClean,west-bromwich-albion,2016,28,367
James McClean,west-bromwich-albion,2017,13,367
James McClean,west-bromwich-albion,2018,14,367
James Milner,liverpool-fc,2016,28,368
James Milner,liverpool-fc,2017,36,368
James Milner,liverpool-fc,2018,16,368
James Morrison,west-bromwich-albion,2016,17,369
James Morrison,west-bromwich-albion,2017,17,369
James Morrison,west-bromwich-albion,2018,2,369
James Tarkowski,burnley-fc,2017,4,370
James Tarkowski,burnley-fc,2018,31,370
James Tomkins,crystal-palace,2017,23,371
James Tomkins,crystal-palace,2018,27,371
James Tomkins,west-ham-united,2016,23,371
James Ward-Prowse,southampton-fc,2016,14,372
James Ward-Prowse,southampton-fc,2017,22,372
James Ward-Prowse,southampton-fc,2018,20,372
Jamie Murphy,brighton-hove-albion,2018,1,373
Jamie Vardy,leicester-city,2016,36,374
Jamie Vardy,leicester-city,2017,33,374
Jamie Vardy,leicester-city,2018,37,374
Jan Bednarek,southampton-fc,2018,5,375
Jan Kirchhoff,sunderland-afc,2016,14,376
Jan Kirchhoff,sunderland-afc,2017,5,376
Jan Vertonghen,tottenham-hotspur,2016,29,377
Jan Vertonghen,tottenham-hotspur,2017,33,377
Jan Vertonghen,tottenham-hotspur,2018,36,377
Jarrod Bowen,hull-city,2017,1,378
Jason Denayer,sunderland-afc,2017,22,379
Jason Puncheon,crystal-palace,2016,31,380
Jason Puncheon,crystal-palace,2017,35,380
Jason Puncheon,crystal-palace,2018,6,380
Javier HernÃ¡ndez,west-ham-united,2018,16,381
Jay Fulton,swansea-city,2017,9,382
Jay Rodriguez,southampton-fc,2016,3,383
Jay Rodriguez,southampton-fc,2017,9,383
Jay Rodriguez,west-bromwich-albion,2018,31,383
JaÃ¯ro Riedewald,crystal-palace,2018,4,384
Jeff Hendrick,burnley-fc,2017,31,385
Jeff Hendrick,burnley-fc,2018,29,385
Jefferson Montero,swansea-city,2016,14,386
Jefferson Montero,swansea-city,2017,2,386
Jeffrey Schlupp,crystal-palace,2017,11,387
Jeffrey Schlupp,crystal-palace,2018,21,387
Jeffrey Schlupp,leicester-city,2016,14,387
Jeffrey Schlupp,leicester-city,2017,1,387
Jeremain Lens,sunderland-afc,2016,14,388
Jermain Defoe,afc-bournemouth,2018,11,389
Jermain Defoe,sunderland-afc,2016,28,389
Jermain Defoe,sunderland-afc,2017,37,389
Jerome Sinclair,watford-fc,2017,1,390
Jesse Lingard,manchester-united,2016,19,391
Jesse Lingard,manchester-united,2017,18,391
Jesse Lingard,manchester-united,2018,20,391
Joe Allen,liverpool-fc,2016,8,392
Joe Allen,stoke-city,2017,34,392
Joe Allen,stoke-city,2018,36,392
Joe Gomez,liverpool-fc,2016,5,393
Joe Gomez,liverpool-fc,2018,21,393
Joe Hart,manchester-city,2016,35,394
Joe Hart,west-ham-united,2018,19,394
Joe Ledley,crystal-palace,2016,11,395
Joe Ledley,crystal-palace,2017,13,395
Joe Lolley,huddersfield-town,2018,2,396
Joel Campbell,arsenal-fc,2016,11,397
Joel Matip,liverpool-fc,2017,27,398
Joel Matip,liverpool-fc,2018,22,398
Joel Ward,crystal-palace,2016,30,399
Joel Ward,crystal-palace,2017,38,399
Joel Ward,crystal-palace,2018,19,399
Joey Barton,burnley-fc,2017,12,400
John Mikel,chelsea-fc,2016,19,401
John O'Shea,sunderland-afc,2016,23,402
John O'Shea,sunderland-afc,2017,26,402
John Ruddy,norwich-city,2016,27,403
John Stones,everton-fc,2016,31,404
John Stones,manchester-city,2017,23,404
John Stones,manchester-city,2018,16,404
John Terry,chelsea-fc,2016,24,405
John Terry,chelsea-fc,2017,6,405
Joleon Lescott,aston-villa,2016,30,406
Joleon Lescott,sunderland-afc,2017,1,406
Joleon Lescott,west-bromwich-albion,2016,2,406
Jon Flanagan,burnley-fc,2017,3,407
Jon Flanagan,liverpool-fc,2016,5,407
Jon Walters,stoke-city,2016,18,408
Jon Walters,stoke-city,2017,13,408
Jonas LÃ¶ssl,huddersfield-town,2018,38,409
Jonas Olsson,west-bromwich-albion,2016,25,410
Jonas Olsson,west-bromwich-albion,2017,7,410
Jonathan Calleri,west-ham-united,2017,4,411
Jonathan Hogg,huddersfield-town,2018,29,412
Jonathan Leko,west-bromwich-albion,2016,3,413
Jonjo Shelvey,newcastle-united,2016,11,414
Jonjo Shelvey,newcastle-united,2018,25,414
Jonjo Shelvey,swansea-city,2016,14,414
Jonjoe Kenny,everton-fc,2018,17,415
Jonny Evans,west-bromwich-albion,2016,30,416
Jonny Evans,west-bromwich-albion,2017,30,416
Jonny Evans,west-bromwich-albion,2018,26,416
Jonny Howson,norwich-city,2016,33,417
Jordan Amavi,aston-villa,2016,9,418
Jordan Ayew,aston-villa,2016,27,419
Jordan Ayew,swansea-city,2017,9,419
Jordan Ayew,swansea-city,2018,33,419
Jordan Henderson,liverpool-fc,2016,15,420
Jordan Henderson,liverpool-fc,2017,24,420
Jordan Henderson,liverpool-fc,2018,25,420
Jordan Lyden,aston-villa,2016,2,421
Jordan Pickford,everton-fc,2018,38,422
Jordan Pickford,sunderland-afc,2016,2,422
Jordan Pickford,sunderland-afc,2017,29,422
Jordan Rhodes,middlesbrough-fc,2017,2,423
Jordan Veretout,aston-villa,2016,21,424
Jordon Ibe,afc-bournemouth,2017,13,425
Jordon Ibe,afc-bournemouth,2018,22,425
Jordon Ibe,liverpool-fc,2016,12,425
Jordon Mutch,crystal-palace,2016,7,426
Jordy Clasie,southampton-fc,2016,20,427
Jordy Clasie,southampton-fc,2017,12,427
Jores Okore,aston-villa,2016,12,428
Joseph Willock,arsenal-fc,2018,1,429
Josh Harrop,manchester-united,2017,1,430
Josh Sims,southampton-fc,2017,1,431
Josh Sims,southampton-fc,2018,1,431
Josh Tymon,hull-city,2017,4,432
Josh Tymon,stoke-city,2018,2,432
Joshua King,afc-bournemouth,2016,24,433
Joshua King,afc-bournemouth,2017,31,433
Joshua King,afc-bournemouth,2018,27,433
JosÃ© Holebas,watford-fc,2016,11,434
JosÃ© Holebas,watford-fc,2017,33,434
JosÃ© Holebas,watford-fc,2018,26,434
JosÃ© Izquierdo,brighton-hove-albion,2018,23,435
Juan Paredes,watford-fc,2016,7,436
Juan ZÃºÃ±iga,watford-fc,2017,6,437
Julian Speroni,crystal-palace,2016,2,438
Julian Speroni,crystal-palace,2018,11,438
Junior Stanislas,afc-bournemouth,2016,17,439
Junior Stanislas,afc-bournemouth,2017,18,439
Junior Stanislas,afc-bournemouth,2018,17,439
JÃ©rÃ©mie Boga,chelsea-fc,2018,1,440
JÃ©rÃ©my Pied,southampton-fc,2017,1,441
JÃ©rÃ©my Pied,southampton-fc,2018,2,441
JÃ³hann GuÃ°mundsson,burnley-fc,2017,10,442
JÃ³hann GuÃ°mundsson,burnley-fc,2018,32,442
JÃ¼rgen Locadia,brighton-hove-albion,2018,3,443
Kamil Grosicki,hull-city,2017,12,444
Karl Darlow,newcastle-united,2016,9,445
Karl Darlow,newcastle-united,2018,10,445
Kasey Palmer,huddersfield-town,2018,1,446
Kasper Schmeichel,leicester-city,2016,38,447
Kasper Schmeichel,leicester-city,2017,30,447
Kasper Schmeichel,leicester-city,2018,33,447
Kelechi Iheanacho,leicester-city,2018,7,448
Kelechi Iheanacho,manchester-city,2016,7,448
Kelechi Iheanacho,manchester-city,2017,5,448
Kelvin Davis,southampton-fc,2016,1,449
Kevin De Bruyne,manchester-city,2016,22,450
Kevin De Bruyne,manchester-city,2017,33,450
Kevin De Bruyne,manchester-city,2018,36,450
Kevin Long,burnley-fc,2017,3,451
Kevin Long,burnley-fc,2018,16,451
Kevin Mbabu,newcastle-united,2016,2,452
Kevin Mirallas,everton-fc,2016,10,453
Kevin Mirallas,everton-fc,2017,23,453
Kevin Mirallas,everton-fc,2018,2,453
Kevin Nolan,west-ham-united,2016,1,454
Kevin Stewart,liverpool-fc,2016,6,455
Kevin Toner,aston-villa,2016,3,456
Kevin Wimmer,stoke-city,2018,14,457
Kevin Wimmer,tottenham-hotspur,2016,9,457
Kevin Wimmer,tottenham-hotspur,2017,4,457
Kieran Dowell,everton-fc,2016,1,458
Kieran Gibbs,arsenal-fc,2016,3,459
Kieran Gibbs,arsenal-fc,2017,8,459
Kieran Gibbs,west-bromwich-albion,2018,32,459
Kieran Richardson,aston-villa,2016,8,460
Kieran Trippier,tottenham-hotspur,2016,5,461
Kieran Trippier,tottenham-hotspur,2017,6,461
Kieran Trippier,tottenham-hotspur,2018,21,461
Kolo TourÃ©,liverpool-fc,2016,9,462
Konstantinos Mavropanos,arsenal-fc,2018,3,463
Kostas Stafylidis,stoke-city,2018,4,464
Kristoffer Nordfeldt,swansea-city,2016,1,465
Kristoffer Nordfeldt,swansea-city,2017,1,465
Kun AgÃ¼ero,manchester-city,2016,29,466
Kun AgÃ¼ero,manchester-city,2017,25,466
Kun AgÃ¼ero,manchester-city,2018,22,466
Kurt Zouma,chelsea-fc,2016,21,467
Kurt Zouma,chelsea-fc,2017,3,467
Kurt Zouma,stoke-city,2018,32,467
Kyle Bartley,swansea-city,2016,3,468
Kyle Bartley,swansea-city,2018,2,468
Kyle Naughton,swansea-city,2016,19,469
Kyle Naughton,swansea-city,2017,31,469
Kyle Naughton,swansea-city,2018,34,469
Kyle Walker,manchester-city,2018,32,470
Kyle Walker,tottenham-hotspur,2016,33,470
Kyle Walker,tottenham-hotspur,2017,31,470
Kyle Walker-Peters,tottenham-hotspur,2018,2,471
Lamine KonÃ©,sunderland-afc,2016,15,472
Lamine KonÃ©,sunderland-afc,2017,29,472
Lasse SÃ¸rensen,stoke-city,2018,1,473
Laurent Depoitre,huddersfield-town,2018,18,474
Laurent Koscielny,arsenal-fc,2016,33,475
Laurent Koscielny,arsenal-fc,2017,33,475
Laurent Koscielny,arsenal-fc,2018,25,475
Lazar MarkoviÄ,hull-city,2017,12,476
Leandro Bacuna,aston-villa,2016,27,477
Lee Cattermole,sunderland-afc,2016,27,478
Lee Cattermole,sunderland-afc,2017,8,478
Lee Grant,stoke-city,2017,28,479
Lee Grant,stoke-city,2018,3,479
Lee Tomlin,afc-bournemouth,2016,3,480
Leighton Baines,everton-fc,2016,16,481
Leighton Baines,everton-fc,2017,32,481
Leighton Baines,everton-fc,2018,22,481
Leon Britton,swansea-city,2016,19,482
Leon Britton,swansea-city,2017,16,482
Leon Britton,swansea-city,2018,4,482
Leon Osman,everton-fc,2016,2,483
Leonardo Ulloa,brighton-hove-albion,2018,2,484
Leonardo Ulloa,leicester-city,2016,7,484
Leonardo Ulloa,leicester-city,2017,3,484
Leroy Fer,swansea-city,2016,9,485
Leroy Fer,swansea-city,2017,27,485
Leroy Fer,swansea-city,2018,15,485
Leroy SanÃ©,manchester-city,2017,20,486
Leroy SanÃ©,manchester-city,2018,27,486
Lewis Cook,afc-bournemouth,2017,4,487
Lewis Cook,afc-bournemouth,2018,25,487
Lewis Dunk,brighton-hove-albion,2018,38,488
Lewis Grabban,afc-bournemouth,2016,4,489
Lewis Grabban,norwich-city,2016,3,489
Liam Rosenior,brighton-hove-albion,2018,1,490
Libor KozÃ¡k,aston-villa,2016,3,491
Loris Karius,liverpool-fc,2017,10,492
Loris Karius,liverpool-fc,2018,19,492
LoÃ¯c RÃ©my,chelsea-fc,2016,3,493
LoÃ¯c RÃ©my,crystal-palace,2017,1,493
Luciano Narsingh,swansea-city,2017,3,494
Luciano Narsingh,swansea-city,2018,5,494
Luka MilivojeviÄ,crystal-palace,2017,14,495
Luka MilivojeviÄ,crystal-palace,2018,35,495
Luke Shaw,manchester-united,2016,5,496
Luke Shaw,manchester-united,2017,9,496
Luke Shaw,manchester-united,2018,8,496
Lynden Gooch,sunderland-afc,2017,4,497
Lys Mousset,afc-bournemouth,2017,3,498
Lys Mousset,afc-bournemouth,2018,4,498
M'Baye Niang,watford-fc,2017,15,499
Maarten Stekelenburg,everton-fc,2017,19,500
Maarten Stekelenburg,southampton-fc,2016,17,500
Mamadou Sakho,crystal-palace,2017,8,501
Mamadou Sakho,crystal-palace,2018,18,501
Mamadou Sakho,liverpool-fc,2016,21,501
Mame Diouf,stoke-city,2016,12,502
Mame Diouf,stoke-city,2017,15,502
Mame Diouf,stoke-city,2018,30,502
Manolo Gabbiadini,southampton-fc,2017,10,503
Manolo Gabbiadini,southampton-fc,2018,11,503
Manuel Lanzini,west-ham-united,2016,23,504
Manuel Lanzini,west-ham-united,2017,31,504
Manuel Lanzini,west-ham-united,2018,23,504
Marc Albrighton,leicester-city,2016,34,505
Marc Albrighton,leicester-city,2017,29,505
Marc Albrighton,leicester-city,2018,30,505
Marc Pugh,afc-bournemouth,2016,15,506
Marc Pugh,afc-bournemouth,2017,16,506
Marc Pugh,afc-bournemouth,2018,11,506
Marc Wilson,stoke-city,2016,1,507
Marc Wilson,west-bromwich-albion,2017,3,507
Marcin Wasilewski,leicester-city,2016,3,508
Marcin Wasilewski,leicester-city,2017,1,508
Marco van Ginkel,stoke-city,2016,8,509
Marcos Rojo,manchester-united,2016,15,510
Marcos Rojo,manchester-united,2017,18,510
Marcos Rojo,manchester-united,2018,8,510
Marcus Rashford,manchester-united,2016,11,511
Marcus Rashford,manchester-united,2017,16,511
Marcus Rashford,manchester-united,2018,17,511
Mario Lemina,southampton-fc,2018,20,512
Mark Bunn,aston-villa,2016,10,513
Mark Noble,west-ham-united,2016,37,514
Mark Noble,west-ham-united,2017,29,514
Mark Noble,west-ham-united,2018,28,514
Marko ArnautoviÄ,stoke-city,2016,33,515
Marko ArnautoviÄ,stoke-city,2017,32,515
Marko ArnautoviÄ,west-ham-united,2018,28,515
Markus Henriksen,hull-city,2017,6,516
Markus Suttner,brighton-hove-albion,2018,13,517
Marouane Chamakh,crystal-palace,2016,1,518
Marouane Fellaini,manchester-united,2016,12,519
Marouane Fellaini,manchester-united,2017,18,519
Marouane Fellaini,manchester-united,2018,5,519
Marten de Roon,middlesbrough-fc,2017,32,520
Martin Cranie,huddersfield-town,2018,2,521
Martin DÃºbravka,newcastle-united,2018,12,522
Martin Kelly,crystal-palace,2016,11,523
Martin Kelly,crystal-palace,2017,25,523
Martin Kelly,crystal-palace,2018,12,523
Martin Olsson,norwich-city,2016,20,524
Martin Olsson,swansea-city,2017,14,524
Martin Olsson,swansea-city,2018,36,524
Martin Å krtel,liverpool-fc,2016,21,525
MartÃ­n CÃ¡ceres,southampton-fc,2017,1,526
MartÃ­n Demichelis,manchester-city,2016,10,527
Marvin Emnes,swansea-city,2016,1,528
Marvin Zeegelaar,watford-fc,2018,12,529
Mason Holgate,everton-fc,2017,16,530
Mason Holgate,everton-fc,2018,13,530
Massadio HaÃ¯dara,newcastle-united,2016,6,531
Massadio HaÃ¯dara,newcastle-united,2018,1,531
Mathew Ryan,brighton-hove-albion,2018,38,532
Mathias JÃ¸rgensen,huddersfield-town,2018,38,533
Mathieu Debuchy,arsenal-fc,2016,2,534
Mathieu Debuchy,arsenal-fc,2017,1,534
Mathieu Flamini,arsenal-fc,2016,12,535
Mathieu Flamini,crystal-palace,2017,3,535
Matt Grimes,swansea-city,2016,1,536
Matt Miazga,chelsea-fc,2016,2,537
Matt Phillips,west-bromwich-albion,2017,26,538
Matt Phillips,west-bromwich-albion,2018,23,538
Matt Ritchie,afc-bournemouth,2016,33,539
Matt Ritchie,newcastle-united,2018,32,539
Matt Targett,southampton-fc,2016,13,540
Matt Targett,southampton-fc,2017,5,540
Matt Targett,southampton-fc,2018,2,540
Matteo Darmian,manchester-united,2016,24,541
Matteo Darmian,manchester-united,2017,15,541
Matteo Darmian,manchester-united,2018,5,541
Matthew Jarvis,norwich-city,2016,13,542
Matthew Lowton,burnley-fc,2017,36,543
Matthew Lowton,burnley-fc,2018,25,543
Matthew Pennington,everton-fc,2016,4,544
Matthew Pennington,everton-fc,2017,2,544
Matty James,leicester-city,2018,11,545
Mauro ZÃ¡rate,watford-fc,2017,3,546
Mauro ZÃ¡rate,west-ham-united,2016,9,546
Max Gradel,afc-bournemouth,2016,11,547
Maya Yoshida,southampton-fc,2016,10,548
Maya Yoshida,southampton-fc,2017,23,548
Maya Yoshida,southampton-fc,2018,23,548
Memphis Depay,manchester-united,2016,16,549
Mesut Ãzil,arsenal-fc,2016,35,550
Mesut Ãzil,arsenal-fc,2017,32,550
Mesut Ãzil,arsenal-fc,2018,24,550
Micah Richards,aston-villa,2016,23,551
Michael Carrick,manchester-united,2016,22,552
Michael Carrick,manchester-united,2017,18,552
Michael Carrick,manchester-united,2018,1,552
Michael Dawson,hull-city,2017,19,553
Michael Keane,burnley-fc,2017,35,554
Michael Keane,everton-fc,2018,29,554
Michael Kightly,burnley-fc,2017,1,555
Michail Antonio,west-ham-united,2016,23,556
Michail Antonio,west-ham-united,2017,29,556
Michail Antonio,west-ham-united,2018,16,556
Michel Vorm,tottenham-hotspur,2016,1,557
Michel Vorm,tottenham-hotspur,2017,4,557
Michel Vorm,tottenham-hotspur,2018,1,557
Michy Batshuayi,chelsea-fc,2017,1,558
Michy Batshuayi,chelsea-fc,2018,3,558
Miguel Britos,watford-fc,2016,24,559
Miguel Britos,watford-fc,2017,27,559
Miguel Britos,watford-fc,2018,10,559
Miguel LayÃºn,watford-fc,2016,2,560
Mike van der Hoorn,swansea-city,2017,7,561
Mike van der Hoorn,swansea-city,2018,24,561
Mile Jedinak,crystal-palace,2016,16,562
Mile Jedinak,crystal-palace,2017,1,562
Modou Barrow,swansea-city,2016,6,563
Modou Barrow,swansea-city,2017,12,563
Mohamed El Neny,arsenal-fc,2016,9,564
Mohamed El Neny,arsenal-fc,2017,8,564
Mohamed El Neny,arsenal-fc,2018,11,564
Mohamed Salah,liverpool-fc,2018,34,565
Molla WaguÃ©,watford-fc,2018,5,566
Momo DiamÃ©,newcastle-united,2018,23,567
Morgan Schneiderlin,everton-fc,2017,12,568
Morgan Schneiderlin,everton-fc,2018,24,568
Morgan Schneiderlin,manchester-united,2016,25,568
Moritz Bauer,stoke-city,2018,15,569
Mousa DembÃ©lÃ©,tottenham-hotspur,2016,27,570
Mousa DembÃ©lÃ©,tottenham-hotspur,2017,24,570
Mousa DembÃ©lÃ©,tottenham-hotspur,2018,21,570
Moussa Sissoko,newcastle-united,2016,37,571
Moussa Sissoko,tottenham-hotspur,2017,8,571
Moussa Sissoko,tottenham-hotspur,2018,15,571
Muhamed BeÅ¡iÄ,everton-fc,2016,7,572
N'Golo KantÃ©,chelsea-fc,2017,35,573
N'Golo KantÃ©,chelsea-fc,2018,34,573
N'Golo KantÃ©,leicester-city,2016,33,573
Nabil Bentaleb,tottenham-hotspur,2016,2,574
Nacer Chadli,tottenham-hotspur,2016,10,575
Nacer Chadli,west-bromwich-albion,2017,27,575
Nacer Chadli,west-bromwich-albion,2018,2,575
Nampalys Mendy,leicester-city,2017,4,576
Nathan AkÃ©,afc-bournemouth,2017,8,577
Nathan AkÃ©,afc-bournemouth,2018,37,577
Nathan AkÃ©,chelsea-fc,2017,1,577
Nathan AkÃ©,watford-fc,2016,20,577
Nathan Dyer,swansea-city,2017,3,578
Nathan Dyer,swansea-city,2018,16,578
Nathan Redmond,norwich-city,2016,24,579
Nathan Redmond,southampton-fc,2017,32,579
Nathan Redmond,southampton-fc,2018,22,579
Nathaniel Chalobah,chelsea-fc,2017,1,580
Nathaniel Chalobah,watford-fc,2018,5,580
Nathaniel Clyne,liverpool-fc,2016,33,581
Nathaniel Clyne,liverpool-fc,2017,37,581
Nathaniel Clyne,liverpool-fc,2018,2,581
Neil Taylor,swansea-city,2016,33,582
Neil Taylor,swansea-city,2017,11,582
Nemanja MatiÄ,chelsea-fc,2016,28,583
Nemanja MatiÄ,chelsea-fc,2017,30,583
Nemanja MatiÄ,manchester-united,2018,35,583
Nick Pope,burnley-fc,2018,34,584
NicolÃ¡s Otamendi,manchester-city,2016,30,585
NicolÃ¡s Otamendi,manchester-city,2017,29,585
NicolÃ¡s Otamendi,manchester-city,2018,33,585
Nikica JelaviÄ,west-ham-united,2016,1,586
Nikola VlaÅ¡iÄ,everton-fc,2018,7,587
Nordin Amrabat,watford-fc,2016,4,588
Nordin Amrabat,watford-fc,2017,25,588
Nordin Amrabat,watford-fc,2018,3,588
Odion Ighalo,watford-fc,2016,36,589
Odion Ighalo,watford-fc,2017,14,589
Ola Toivonen,sunderland-afc,2016,9,590
Oleksandr Zinchenko,manchester-city,2018,6,591
Oliver Burke,west-bromwich-albion,2018,2,592
Oliver McBurnie,swansea-city,2018,2,593
Olivier Giroud,arsenal-fc,2016,26,594
Olivier Giroud,arsenal-fc,2017,11,594
Olivier Giroud,arsenal-fc,2018,1,594
Olivier Giroud,chelsea-fc,2018,6,594
Omar Elabdellaoui,hull-city,2017,7,595
Orestis Karnezis,watford-fc,2018,14,596
Oumar Niasse,everton-fc,2016,2,597
Oumar Niasse,everton-fc,2018,10,597
Oumar Niasse,hull-city,2017,12,597
Pablo Zabaleta,manchester-city,2016,12,598
Pablo Zabaleta,manchester-city,2017,11,598
Pablo Zabaleta,west-ham-united,2018,37,598
Paddy McNair,manchester-united,2016,3,599
Paddy McNair,sunderland-afc,2017,5,599
Papa N'Diaye,stoke-city,2018,13,600
Pape SouarÃ©,crystal-palace,2016,34,601
Pape SouarÃ©,crystal-palace,2017,3,601
Papiss Demba CissÃ©,newcastle-united,2016,14,602
Papy Djilobodji,sunderland-afc,2017,17,603
Pascal GroÃ,brighton-hove-albion,2018,35,604
Patrice Evra,west-ham-united,2018,3,605
Patrick Bamford,middlesbrough-fc,2017,2,606
Patrick Bamford,norwich-city,2016,2,606
Patrick van Aanholt,crystal-palace,2017,8,607
Patrick van Aanholt,crystal-palace,2018,25,607
Patrick van Aanholt,sunderland-afc,2016,33,607
Patrick van Aanholt,sunderland-afc,2017,20,607
Paul Dummett,newcastle-united,2016,23,608
Paul Dummett,newcastle-united,2018,19,608
Paul Pogba,manchester-united,2017,29,609
Paul Pogba,manchester-united,2018,25,609
Paul Robinson,burnley-fc,2017,3,610
Paulo Gazzaniga,southampton-fc,2016,2,611
Paulo Gazzaniga,tottenham-hotspur,2018,1,611
Per Mertesacker,arsenal-fc,2016,24,612
Per Mertesacker,arsenal-fc,2018,4,612
Peter Crouch,stoke-city,2016,4,613
Peter Crouch,stoke-city,2017,13,613
Peter Crouch,stoke-city,2018,14,613
Petr Äech,arsenal-fc,2016,34,614
Petr Äech,arsenal-fc,2017,35,614
Petr Äech,arsenal-fc,2018,34,614
Phil Bardsley,burnley-fc,2018,13,615
Phil Bardsley,stoke-city,2016,9,615
Phil Bardsley,stoke-city,2017,14,615
Phil Jagielka,everton-fc,2016,21,616
Phil Jagielka,everton-fc,2017,25,616
Phil Jagielka,everton-fc,2018,23,616
Phil Jones,manchester-united,2016,6,617
Phil Jones,manchester-united,2017,18,617
Phil Jones,manchester-united,2018,23,617
Philip Billing,huddersfield-town,2018,8,618
Philipp Wollscheid,stoke-city,2016,30,619
Philipp Wollscheid,stoke-city,2017,2,619
Pierre-Emerick Aubameyang,arsenal-fc,2018,12,620
Pierre-Emile HÃ¸jbjerg,southampton-fc,2017,14,621
Pierre-Emile HÃ¸jbjerg,southampton-fc,2018,19,621
Radamel Falcao,chelsea-fc,2016,1,622
Ragnar Klavan,liverpool-fc,2017,15,623
Ragnar Klavan,liverpool-fc,2018,15,623
Raheem Sterling,manchester-city,2016,23,624
Raheem Sterling,manchester-city,2017,29,624
Raheem Sterling,manchester-city,2018,29,624
Rajiv van La Parra,huddersfield-town,2018,26,625
Ramadan Sobhi,stoke-city,2017,8,626
Ramadan Sobhi,stoke-city,2018,12,626
Ramiro Funes Mori,everton-fc,2016,24,627
Ramiro Funes Mori,everton-fc,2017,16,627
Ramiro Funes Mori,everton-fc,2018,1,627
Reece Oxford,west-ham-united,2016,3,628
Rees Greenwood,sunderland-afc,2016,1,629
Reiss Nelson,arsenal-fc,2018,2,630
Rickie Lambert,west-bromwich-albion,2016,5,631
Ritchie De Laet,leicester-city,2016,7,632
Riyad Mahrez,leicester-city,2016,36,633
Riyad Mahrez,leicester-city,2017,33,633
Riyad Mahrez,leicester-city,2018,34,633
Rob Elliot,newcastle-united,2016,21,634
Rob Elliot,newcastle-united,2018,16,634
Rob Holding,arsenal-fc,2017,9,635
Rob Holding,arsenal-fc,2018,9,635
Robbie Brady,burnley-fc,2017,7,636
Robbie Brady,burnley-fc,2018,15,636
Robbie Brady,norwich-city,2016,34,636
Robert Huth,leicester-city,2016,35,637
Robert Huth,leicester-city,2017,33,637
Robert Snodgrass,hull-city,2017,19,638
Robert Snodgrass,west-ham-united,2017,8,638
Roberto Pereyra,watford-fc,2017,12,639
Roberto Pereyra,watford-fc,2018,18,639
Rolando Aarons,newcastle-united,2016,3,640
Rolando Aarons,newcastle-united,2018,1,640
Romelu Lukaku,everton-fc,2016,36,641
Romelu Lukaku,everton-fc,2017,36,641
Romelu Lukaku,manchester-united,2018,33,641
Ron-Robert Zieler,leicester-city,2017,8,642
Ross Barkley,chelsea-fc,2018,2,643
Ross Barkley,everton-fc,2016,36,643
Ross Barkley,everton-fc,2017,32,643
Ruben Loftus-Cheek,chelsea-fc,2016,4,644
Ruben Loftus-Cheek,crystal-palace,2018,21,644
Rudy Gestede,aston-villa,2016,14,645
Rudy Gestede,middlesbrough-fc,2017,4,645
Russell Martin,norwich-city,2016,30,646
Ryan Allsop,afc-bournemouth,2017,1,647
Ryan Bennett,norwich-city,2016,20,648
Ryan Bertrand,southampton-fc,2016,32,649
Ryan Bertrand,southampton-fc,2017,28,649
Ryan Bertrand,southampton-fc,2018,35,649
Ryan Fraser,afc-bournemouth,2017,19,650
Ryan Fraser,afc-bournemouth,2018,23,650
Ryan Mason,hull-city,2017,11,651
Ryan Mason,tottenham-hotspur,2016,8,651
Ryan Shawcross,stoke-city,2016,20,652
Ryan Shawcross,stoke-city,2017,35,652
Ryan Shawcross,stoke-city,2018,27,652
Sadio ManÃ©,liverpool-fc,2017,26,653
Sadio ManÃ©,liverpool-fc,2018,28,653
Sadio ManÃ©,southampton-fc,2016,30,653
Saido Berahino,stoke-city,2017,8,654
Saido Berahino,stoke-city,2018,3,654
Saido Berahino,west-bromwich-albion,2016,17,654
Saido Berahino,west-bromwich-albion,2017,3,654
SalomÃ³n RondÃ³n,west-bromwich-albion,2016,30,655
SalomÃ³n RondÃ³n,west-bromwich-albion,2017,32,655
SalomÃ³n RondÃ³n,west-bromwich-albion,2018,32,655
Sam Byram,west-ham-united,2016,2,656
Sam Byram,west-ham-united,2017,13,656
Sam Byram,west-ham-united,2018,2,656
Sam Clucas,hull-city,2017,36,657
Sam Clucas,swansea-city,2018,23,657
Sam Field,west-bromwich-albion,2017,4,658
Sam Field,west-bromwich-albion,2018,7,658
Sam Vokes,burnley-fc,2017,21,659
Sam Vokes,burnley-fc,2018,7,659
Samir Nasri,manchester-city,2016,4,660
Samuel McQueen,southampton-fc,2017,5,661
Samuel McQueen,southampton-fc,2018,1,661
Scott Arfield,burnley-fc,2017,23,662
Scott Arfield,burnley-fc,2018,15,662
Scott Dann,crystal-palace,2016,35,663
Scott Dann,crystal-palace,2017,19,663
Scott Dann,crystal-palace,2018,16,663
Scott Malone,huddersfield-town,2018,12,664
Scott McTominay,manchester-united,2017,1,665
Scott McTominay,manchester-united,2018,7,665
Scott Sinclair,aston-villa,2016,19,666
Sead KolaÅ¡inac,arsenal-fc,2018,25,667
Sebastian Larsson,sunderland-afc,2016,6,668
Sebastian Larsson,sunderland-afc,2017,17,668
Sebastian PrÃ¶dl,watford-fc,2016,19,669
Sebastian PrÃ¶dl,watford-fc,2017,32,669
Sebastian PrÃ¶dl,watford-fc,2018,17,669
SebastiÃ¡n Coates,sunderland-afc,2016,14,670
Serge Aurier,tottenham-hotspur,2018,16,671
Sergio Romero,manchester-united,2016,4,672
Sergio Romero,manchester-united,2017,2,672
Sergio Romero,manchester-united,2018,1,672
Shane Duffy,brighton-hove-albion,2018,37,673
Shane Long,southampton-fc,2016,23,674
Shane Long,southampton-fc,2017,10,674
Shane Long,southampton-fc,2018,15,674
Shaun Maloney,hull-city,2017,2,675
Shay Given,stoke-city,2016,3,676
Shay Given,stoke-city,2017,5,676
Sheyi Ojo,liverpool-fc,2016,5,677
Shinji Okazaki,leicester-city,2016,28,678
Shinji Okazaki,leicester-city,2017,21,678
Shinji Okazaki,leicester-city,2018,17,678
Shkodran Mustafi,arsenal-fc,2017,26,679
Shkodran Mustafi,arsenal-fc,2018,25,679
Siem de Jong,newcastle-united,2016,3,680
Simon Francis,afc-bournemouth,2016,38,681
Simon Francis,afc-bournemouth,2017,34,681
Simon Francis,afc-bournemouth,2018,31,681
Simon Mignolet,liverpool-fc,2016,34,682
Simon Mignolet,liverpool-fc,2017,28,682
Simon Mignolet,liverpool-fc,2018,19,682
Simone Zaza,west-ham-united,2017,5,683
Sofiane Boufal,southampton-fc,2017,12,684
Sofiane Boufal,southampton-fc,2018,11,684
Sofiane FÃ©ghouli,west-ham-united,2017,11,685
Solomon March,brighton-hove-albion,2018,18,686
Stefano Okaka,watford-fc,2017,10,687
Stefano Okaka,watford-fc,2018,3,687
Stephen Ireland,stoke-city,2018,1,688
Stephen Kingsley,swansea-city,2016,4,689
Stephen Kingsley,swansea-city,2017,12,689
Stephen Ward,burnley-fc,2017,37,690
Stephen Ward,burnley-fc,2018,28,690
Steve Cook,afc-bournemouth,2016,36,691
Steve Cook,afc-bournemouth,2017,38,691
Steve Cook,afc-bournemouth,2018,31,691
Steve Mandanda,crystal-palace,2017,9,692
Steve MouniÃ©,huddersfield-town,2018,21,693
Steven Caulker,southampton-fc,2016,1,694
Steven Davis,southampton-fc,2016,31,695
Steven Davis,southampton-fc,2017,29,695
Steven Davis,southampton-fc,2018,17,695
Steven Defour,burnley-fc,2017,16,696
Steven Defour,burnley-fc,2018,24,696
Steven Fletcher,sunderland-afc,2016,11,697
Steven Naismith,everton-fc,2016,4,698
Steven Naismith,norwich-city,2016,11,698
Steven Pienaar,sunderland-afc,2017,10,699
Steven Taylor,newcastle-united,2016,9,700
Steven Whittaker,norwich-city,2016,8,701
Stewart Downing,middlesbrough-fc,2017,24,702
StÃ©phane SessÃ¨gnon,west-bromwich-albion,2016,21,703
Sung-yueng Ki,swansea-city,2016,21,704
Sung-yueng Ki,swansea-city,2017,13,704
Sung-yueng Ki,swansea-city,2018,21,704
Sylvain Distin,afc-bournemouth,2016,9,705
SÃ©amus Coleman,everton-fc,2016,27,706
SÃ©amus Coleman,everton-fc,2017,26,706
SÃ©amus Coleman,everton-fc,2018,12,706
SÃ©bastien Bassong,norwich-city,2016,30,707
Tammy Abraham,swansea-city,2018,15,708
Terence Kongolo,huddersfield-town,2018,11,709
Theo Walcott,arsenal-fc,2016,15,710
Theo Walcott,arsenal-fc,2017,23,710
Theo Walcott,everton-fc,2018,13,710
Thibaut Courtois,chelsea-fc,2016,23,711
Thibaut Courtois,chelsea-fc,2017,36,711
Thibaut Courtois,chelsea-fc,2018,35,711
Thomas Edwards,stoke-city,2018,6,712
TiemouÃ© Bakayoko,chelsea-fc,2018,24,713
Tim Howard,everton-fc,2016,25,714
Tim Krul,newcastle-united,2016,8,715
Timm Klose,norwich-city,2016,10,716
Timothy Fosu-Mensah,crystal-palace,2018,17,717
Timothy Fosu-Mensah,manchester-united,2016,2,717
Timothy Fosu-Mensah,manchester-united,2017,1,717
Toby Alderweireld,tottenham-hotspur,2016,38,718
Toby Alderweireld,tottenham-hotspur,2017,30,718
Toby Alderweireld,tottenham-hotspur,2018,13,718
Tom Carroll,swansea-city,2017,16,719
Tom Carroll,swansea-city,2018,28,719
Tom Carroll,tottenham-hotspur,2016,4,719
Tom Cleverley,everton-fc,2016,17,720
Tom Cleverley,everton-fc,2017,4,720
Tom Cleverley,watford-fc,2017,16,720
Tom Cleverley,watford-fc,2018,22,720
Tom Davies,everton-fc,2016,1,721
Tom Davies,everton-fc,2017,18,721
Tom Davies,everton-fc,2018,20,721
Tom Heaton,burnley-fc,2017,35,722
Tom Heaton,burnley-fc,2018,4,722
Tom Huddlestone,hull-city,2017,23,723
Tom Ince,huddersfield-town,2018,27,724
Tom Robson,sunderland-afc,2016,1,725
Tom Smith,huddersfield-town,2018,21,726
Tomer Hemed,brighton-hove-albion,2018,9,727
Tommy Elphick,afc-bournemouth,2016,11,728
Trent Alexander-Arnold,liverpool-fc,2017,2,729
Trent Alexander-Arnold,liverpool-fc,2018,18,729
Troy Deeney,watford-fc,2016,36,730
Troy Deeney,watford-fc,2017,31,730
Troy Deeney,watford-fc,2018,20,730
Tyias Browning,everton-fc,2016,3,731
Tyrone Mings,afc-bournemouth,2017,5,732
Tyrone Mings,afc-bournemouth,2018,3,732
Vadis Odjidja-Ofoe,norwich-city,2016,3,733
Valon Behrami,watford-fc,2016,14,734
Valon Behrami,watford-fc,2017,26,734
Victor Anichebe,sunderland-afc,2017,14,735
Victor Anichebe,west-bromwich-albion,2016,3,735
Victor LindelÃ¶f,manchester-united,2018,13,736
Victor Moses,chelsea-fc,2017,29,737
Victor Moses,chelsea-fc,2018,25,737
Victor Moses,west-ham-united,2016,13,737
Victor Wanyama,southampton-fc,2016,29,738
Victor Wanyama,tottenham-hotspur,2017,35,738
Victor Wanyama,tottenham-hotspur,2018,8,738
Viktor Fischer,middlesbrough-fc,2017,6,739
Vincent Janssen,tottenham-hotspur,2017,7,740
Vincent Kompany,manchester-city,2016,13,741
Vincent Kompany,manchester-city,2017,10,741
Vincent Kompany,manchester-city,2018,17,741
Virgil van Dijk,liverpool-fc,2018,14,742
Virgil van Dijk,southampton-fc,2016,34,742
Virgil van Dijk,southampton-fc,2017,21,742
Virgil van Dijk,southampton-fc,2018,11,742
Vito Mannone,sunderland-afc,2016,19,743
Vito Mannone,sunderland-afc,2017,9,743
Vurnon Anita,newcastle-united,2016,24,744
Wahbi Khazri,sunderland-afc,2016,13,745
Wahbi Khazri,sunderland-afc,2017,7,745
Wayne Hennessey,crystal-palace,2016,29,746
Wayne Hennessey,crystal-palace,2017,29,746
Wayne Hennessey,crystal-palace,2018,27,746
Wayne Rooney,everton-fc,2018,27,747
Wayne Rooney,manchester-united,2016,27,747
Wayne Rooney,manchester-united,2017,15,747
Wayne Routledge,swansea-city,2016,22,748
Wayne Routledge,swansea-city,2017,24,748
Wayne Routledge,swansea-city,2018,4,748
Wes Brown,sunderland-afc,2016,6,749
Wes Hoolahan,norwich-city,2016,25,750
Wes Morgan,leicester-city,2016,38,751
Wes Morgan,leicester-city,2017,27,751
Wes Morgan,leicester-city,2018,32,751
Wesley Hoedt,southampton-fc,2018,28,752
Wilfred Ndidi,leicester-city,2017,17,753
Wilfred Ndidi,leicester-city,2018,33,753
Wilfried Bony,manchester-city,2016,13,754
Wilfried Bony,stoke-city,2017,9,754
Wilfried Bony,swansea-city,2018,8,754
Wilfried Zaha,crystal-palace,2016,30,755
Wilfried Zaha,crystal-palace,2017,34,755
Wilfried Zaha,crystal-palace,2018,28,755
Will Hughes,watford-fc,2018,11,756
William Keane,hull-city,2017,4,757
Willy Caballero,chelsea-fc,2018,3,758
Willy Caballero,manchester-city,2016,3,758
Willy Caballero,manchester-city,2017,16,758
Winston Reid,west-ham-united,2016,24,759
Winston Reid,west-ham-united,2017,30,759
Winston Reid,west-ham-united,2018,17,759
Xherdan Shaqiri,stoke-city,2016,27,760
Xherdan Shaqiri,stoke-city,2017,21,760
Xherdan Shaqiri,stoke-city,2018,36,760
Yann M'Vila,sunderland-afc,2016,36,761
Yannick Bolasie,crystal-palace,2016,23,762
Yannick Bolasie,everton-fc,2017,12,762
Yannick Bolasie,everton-fc,2018,11,762
Yaya TourÃ©,manchester-city,2016,28,763
Yaya TourÃ©,manchester-city,2017,22,763
Yaya TourÃ©,manchester-city,2018,1,763
Yoan Gouffran,newcastle-united,2016,2,764
Yohan Benalouane,leicester-city,2017,11,765
Yohan Benalouane,leicester-city,2018,1,765
Yohan Cabaye,crystal-palace,2016,32,766
Yohan Cabaye,crystal-palace,2017,25,766
Yohan Cabaye,crystal-palace,2018,28,766
YounÃ¨s Kaboul,sunderland-afc,2016,22,767
YounÃ¨s Kaboul,sunderland-afc,2017,1,767
YounÃ¨s Kaboul,watford-fc,2017,22,767
YounÃ¨s Kaboul,watford-fc,2018,2,767
Youssuf Mulumbu,norwich-city,2016,5,768
Zlatan IbrahimoviÄ,manchester-united,2017,27,769
Zlatan IbrahimoviÄ,manchester-united,2018,1,769
ÃdÃ¡m BogdÃ¡n,liverpool-fc,2016,2,770
Ãrik Lamela,tottenham-hotspur,2016,28,771
Ãrik Lamela,tottenham-hotspur,2017,6,771
Ãrik Lamela,tottenham-hotspur,2018,7,771
Ãtienne Capoue,watford-fc,2016,33,772
Ãtienne Capoue,watford-fc,2017,37,772
Ãtienne Capoue,watford-fc,2018,18,772
Ä°lkay GÃ¼ndoÄan,manchester-city,2017,9,773
Ä°lkay GÃ¼ndoÄan,manchester-city,2018,15,773
Åukasz FabiaÅski,swansea-city,2016,37,774
Åukasz FabiaÅski,swansea-city,2017,37,774
Åukasz FabiaÅski,swansea-city,2018,38,774
