name,team,season,count,id
 Adrien Silva,leicester-city,2018,9,1
 Adrien Silva,leicester-city,2019,1,1
 AdriÃ¡n,west-ham-united,2015,38,2
 AdriÃ¡n,west-ham-united,2016,32,2
 AdriÃ¡n,west-ham-united,2017,16,2
 AdriÃ¡n,west-ham-united,2018,19,2
 Alberto Moreno,liverpool-fc,2015,26,3
 Alberto Moreno,liverpool-fc,2016,28,3
 Alberto Moreno,liverpool-fc,2017,2,3
 Alberto Moreno,liverpool-fc,2018,14,3
 Alberto Moreno,liverpool-fc,2019,2,3
 Aleix GarcÃ­a,manchester-city,2017,1,4
 Alexandre Pato,chelsea-fc,2016,1,5
 Alisson,liverpool-fc,2019,38,6
 Ander Herrera,manchester-united,2015,19,7
 Ander Herrera,manchester-united,2016,17,7
 Ander Herrera,manchester-united,2017,27,7
 Ander Herrera,manchester-united,2018,13,7
 Ander Herrera,manchester-united,2019,16,7
 Andreas Pereira,manchester-united,2019,6,8
 AndrÃ© Gomes,everton-fc,2019,24,9
 Arbeloa,west-ham-united,2017,1,10
 Ayoze PÃ©rez,newcastle-united,2015,25,11
 Ayoze PÃ©rez,newcastle-united,2016,22,11
 Ayoze PÃ©rez,newcastle-united,2018,28,11
 Ayoze PÃ©rez,newcastle-united,2019,34,11
 Azpilicueta,chelsea-fc,2015,29,12
 Azpilicueta,chelsea-fc,2016,36,12
 Azpilicueta,chelsea-fc,2017,38,12
 Azpilicueta,chelsea-fc,2018,37,12
 Azpilicueta,chelsea-fc,2019,38,12
 BarragÃ¡n,middlesbrough-fc,2017,26,13
 Bernard,everton-fc,2019,25,14
 Bernardo,brighton-hove-albion,2019,19,15
 Bernardo Silva,manchester-city,2018,15,16
 Bernardo Silva,manchester-city,2019,31,16
 Bojan,stoke-city,2015,14,17
 Bojan,stoke-city,2016,22,17
 Bojan,stoke-city,2017,5,17
 Bojan,stoke-city,2018,1,17
 Borja BastÃ³n,swansea-city,2017,4,18
 Bruno,brighton-hove-albion,2018,23,19
 Bruno,brighton-hove-albion,2019,14,19
 Camarasa,cardiff-city,2019,31,20
 Carles Gil,aston-villa,2015,4,21
 Carles Gil,aston-villa,2016,17,21
 Cesc FÃ bregas,chelsea-fc,2015,33,22
 Cesc FÃ bregas,chelsea-fc,2016,33,22
 Cesc FÃ bregas,chelsea-fc,2017,13,22
 Cesc FÃ bregas,chelsea-fc,2018,25,22
 Cesc FÃ bregas,chelsea-fc,2019,1,22
 Coutinho,liverpool-fc,2015,32,23
 Coutinho,liverpool-fc,2016,24,23
 Coutinho,liverpool-fc,2017,28,23
 Coutinho,liverpool-fc,2018,13,23
 CÃ©dric Soares,southampton-fc,2016,23,24
 CÃ©dric Soares,southampton-fc,2017,30,24
 CÃ©dric Soares,southampton-fc,2018,32,24
 CÃ©dric Soares,southampton-fc,2019,16,24
 Daniel Ayala,middlesbrough-fc,2017,11,25
 Danilo,manchester-city,2018,13,26
 Danilo,manchester-city,2019,9,26
 David Luiz,chelsea-fc,2017,33,27
 David Luiz,chelsea-fc,2018,9,27
 David Luiz,chelsea-fc,2019,36,27
 David Silva,manchester-city,2015,32,28
 David Silva,manchester-city,2016,22,28
 David Silva,manchester-city,2017,31,28
 David Silva,manchester-city,2018,28,28
 David Silva,manchester-city,2019,28,28
 De Gea,manchester-united,2015,37,29
 De Gea,manchester-united,2016,34,29
 De Gea,manchester-united,2017,35,29
 De Gea,manchester-united,2018,37,29
 De Gea,manchester-united,2019,38,29
 Diego Costa,chelsea-fc,2015,24,30
 Diego Costa,chelsea-fc,2016,27,30
 Diego Costa,chelsea-fc,2017,35,30
 Diego Rico,afc-bournemouth,2019,5,31
 Diogo Dalot,manchester-united,2019,12,32
 Diogo Jota,wolverhampton-wanderers,2019,29,33
 Domingos Quina,watford-fc,2019,3,34
 Ederson,manchester-city,2018,36,35
 Ederson,manchester-city,2019,38,35
 Emerson,chelsea-fc,2018,3,36
 Emerson,chelsea-fc,2019,7,36
 Evandro,hull-city,2017,7,37
 Fabinho,liverpool-fc,2019,21,38
 Fabricio,fulham-fc,2019,2,39
 Felipe Anderson,west-ham-united,2019,36,40
 Fernandinho,manchester-city,2015,25,41
 Fernandinho,manchester-city,2016,31,41
 Fernandinho,manchester-city,2017,31,41
 Fernandinho,manchester-city,2018,33,41
 Fernandinho,manchester-city,2019,27,41
 Fernando,manchester-city,2015,22,42
 Fernando,manchester-city,2016,17,42
 Fernando,manchester-city,2017,5,42
 Filipe LuÃ­s,chelsea-fc,2015,9,43
 Fred,manchester-united,2019,13,44
 FÃ¡bio,middlesbrough-fc,2017,21,45
 Gabriel Jesus,manchester-city,2017,8,46
 Gabriel Jesus,manchester-city,2018,19,46
 Gabriel Jesus,manchester-city,2019,8,46
 Gabriel Paulista,arsenal-fc,2015,4,47
 Gabriel Paulista,arsenal-fc,2016,18,47
 Gabriel Paulista,arsenal-fc,2017,15,47
 Gerard Deulofeu,everton-fc,2016,16,48
 Gerard Deulofeu,everton-fc,2017,4,48
 Gerard Deulofeu,watford-fc,2018,5,48
 Gerard Deulofeu,watford-fc,2019,26,48
 Gomes,watford-fc,2016,38,49
 Gomes,watford-fc,2017,38,49
 Gomes,watford-fc,2018,24,49
 Guaita,crystal-palace,2019,20,50
 HÃ©ctor BellerÃ­n,arsenal-fc,2015,17,51
 HÃ©ctor BellerÃ­n,arsenal-fc,2016,36,51
 HÃ©ctor BellerÃ­n,arsenal-fc,2017,27,51
 HÃ©ctor BellerÃ­n,arsenal-fc,2018,34,51
 HÃ©ctor BellerÃ­n,arsenal-fc,2019,18,51
 HÃ©lder Costa,wolverhampton-wanderers,2019,16,52
 Iborra,leicester-city,2018,17,53
 Iborra,leicester-city,2019,3,53
 Ivan Cavaleiro,wolverhampton-wanderers,2019,6,54
 Ivo Pinto,norwich-city,2016,9,55
 JesÃ©,stoke-city,2018,8,56
 JesÃºs GÃ¡mez,newcastle-united,2018,1,57
 JesÃºs Navas,manchester-city,2015,23,58
 JesÃºs Navas,manchester-city,2016,24,58
 JesÃºs Navas,manchester-city,2017,12,58
 Joel,everton-fc,2015,6,59
 Joel,everton-fc,2016,13,59
 Joel,everton-fc,2017,19,59
 Joel Pereira,manchester-united,2017,1,60
 Jonny,wolverhampton-wanderers,2019,32,61
 Jordi Amat,swansea-city,2015,7,62
 Jordi Amat,swansea-city,2016,5,62
 Jordi Amat,swansea-city,2017,15,62
 Jordi GÃ³mez,sunderland-afc,2015,22,63
 Jordi GÃ³mez,sunderland-afc,2016,5,63
 Jorginho,chelsea-fc,2019,37,64
 Joselu,newcastle-united,2018,19,65
 Joselu,newcastle-united,2019,5,65
 Joselu,stoke-city,2016,10,65
 JosÃ© Enrique,liverpool-fc,2015,2,66
 JosÃ© Fonte,southampton-fc,2015,37,67
 JosÃ© Fonte,southampton-fc,2016,37,67
 JosÃ© Fonte,southampton-fc,2017,17,67
 JosÃ© Fonte,west-ham-united,2017,16,67
 JosÃ© Fonte,west-ham-united,2018,8,67
 JosÃ© Pozo,manchester-city,2015,1,68
 JoÃ£o Moutinho,wolverhampton-wanderers,2019,35,69
 JoÃ£o MÃ¡rio,west-ham-united,2018,12,70
 Jurado,watford-fc,2016,27,71
 Kenedy,chelsea-fc,2016,4,72
 Kenedy,chelsea-fc,2017,1,72
 Kenedy,newcastle-united,2018,13,72
 Kenedy,newcastle-united,2019,14,72
 Kepa,chelsea-fc,2019,36,73
 Kiko FemenÃ­a,watford-fc,2018,19,74
 Kiko FemenÃ­a,watford-fc,2019,22,74
 Llorente,swansea-city,2017,28,75
 Llorente,tottenham-hotspur,2018,1,75
 Llorente,tottenham-hotspur,2019,6,75
 Lucas,tottenham-hotspur,2018,2,76
 Lucas,tottenham-hotspur,2019,25,76
 Lucas Leiva,liverpool-fc,2015,16,77
 Lucas Leiva,liverpool-fc,2016,21,77
 Lucas Leiva,liverpool-fc,2017,12,77
 Lucas PÃ©rez,arsenal-fc,2017,2,78
 Lucas PÃ©rez,west-ham-united,2019,4,78
 Luis HernÃ¡ndez,leicester-city,2017,3,79
 Manquillo,liverpool-fc,2015,10,80
 Manquillo,newcastle-united,2018,19,80
 Manquillo,newcastle-united,2019,12,80
 Manquillo,sunderland-afc,2017,15,80
 Marcos Alonso,chelsea-fc,2017,30,81
 Marcos Alonso,chelsea-fc,2018,33,81
 Marcos Alonso,chelsea-fc,2019,31,81
 Mario SuÃ¡rez,watford-fc,2016,8,82
 MartÃ­n Montoya,brighton-hove-albion,2019,24,83
 Mata,manchester-united,2015,27,84
 Mata,manchester-united,2016,34,84
 Mata,manchester-united,2017,19,84
 Mata,manchester-united,2018,23,84
 Mata,manchester-united,2019,16,84
 Mikel Arteta,arsenal-fc,2015,6,85
 Mikel Merino,newcastle-united,2018,14,86
 Morata,chelsea-fc,2018,24,87
 Morata,chelsea-fc,2019,11,87
 Muniesa,stoke-city,2015,14,88
 Muniesa,stoke-city,2016,12,88
 Muniesa,stoke-city,2017,7,88
 Nacho Monreal,arsenal-fc,2015,26,89
 Nacho Monreal,arsenal-fc,2016,36,89
 Nacho Monreal,arsenal-fc,2017,35,89
 Nacho Monreal,arsenal-fc,2018,26,89
 Nacho Monreal,arsenal-fc,2019,21,89
 Navarro,watford-fc,2019,1,90
 Nolito,manchester-city,2017,9,91
 NÃ©lson Oliveira,swansea-city,2015,4,92
 Oriol Romeu,southampton-fc,2016,17,93
 Oriol Romeu,southampton-fc,2017,35,93
 Oriol Romeu,southampton-fc,2018,34,93
 Oriol Romeu,southampton-fc,2019,25,93
 Oscar,chelsea-fc,2015,26,94
 Oscar,chelsea-fc,2016,20,94
 Oscar,chelsea-fc,2017,5,94
 Paulinho,tottenham-hotspur,2015,3,95
 Pedro,chelsea-fc,2016,24,96
 Pedro,chelsea-fc,2017,26,96
 Pedro,chelsea-fc,2018,17,96
 Pedro,chelsea-fc,2019,21,96
 Pedro Chirivella,liverpool-fc,2016,1,97
 Pedro Obiang,west-ham-united,2016,11,98
 Pedro Obiang,west-ham-united,2017,21,98
 Pedro Obiang,west-ham-united,2018,18,98
 Pedro Obiang,west-ham-united,2019,12,98
 Rafael,manchester-united,2015,6,99
 Ramires,chelsea-fc,2015,11,100
 Ramires,chelsea-fc,2016,7,100
 Renato Sanches,swansea-city,2018,9,101
 Ricardo Pereira,leicester-city,2019,35,102
 Ricardo Vaz TÃª,west-ham-united,2015,3,103
 Richarlison,everton-fc,2019,32,104
 Richarlison,watford-fc,2018,32,104
 Roberto Firmino,liverpool-fc,2016,24,105
 Roberto Firmino,liverpool-fc,2017,34,105
 Roberto Firmino,liverpool-fc,2018,32,105
 Roberto Firmino,liverpool-fc,2019,31,105
 Roque Mesa,swansea-city,2018,9,106
 Rui PatrÃ­cio,wolverhampton-wanderers,2019,37,107
 RÃºben Neves,wolverhampton-wanderers,2019,34,108
 RÃºben Vinagre,wolverhampton-wanderers,2019,7,109
 Sandro,everton-fc,2018,3,110
 Sandro,queens-park-rangers,2015,17,110
 Sandro,west-bromwich-albion,2016,5,110
 Santi Cazorla,arsenal-fc,2015,33,111
 Santi Cazorla,arsenal-fc,2016,15,111
 Santi Cazorla,arsenal-fc,2017,7,111
 Sergio Rico,fulham-fc,2019,29,112
 Soldado,tottenham-hotspur,2015,7,113
 Varela,west-bromwich-albion,2015,3,114
 VÃ­ctor ValdÃ©s,manchester-united,2015,1,115
 VÃ­ctor ValdÃ©s,middlesbrough-fc,2017,28,115
 Willian,chelsea-fc,2015,28,116
 Willian,chelsea-fc,2016,32,116
 Willian,chelsea-fc,2017,15,116
 Willian,chelsea-fc,2018,20,116
 Willian,chelsea-fc,2019,26,116
 Ãngel Rangel,swansea-city,2015,22,117
 Ãngel Rangel,swansea-city,2016,20,117
 Ãngel Rangel,swansea-city,2017,8,117
 Ãngel Rangel,swansea-city,2018,2,117
 Ãlvaro Negredo,middlesbrough-fc,2017,33,118
 Ãngel Crespo,aston-villa,2016,1,119
 Ãder,swansea-city,2016,2,120
Aaron Cresswell,west-ham-united,2015,38,121
Aaron Cresswell,west-ham-united,2016,37,121
Aaron Cresswell,west-ham-united,2017,24,121
Aaron Cresswell,west-ham-united,2018,35,121
Aaron Cresswell,west-ham-united,2019,18,121
Aaron Lennon,burnley-fc,2018,13,122
Aaron Lennon,burnley-fc,2019,14,122
Aaron Lennon,everton-fc,2015,12,122
Aaron Lennon,everton-fc,2016,17,122
Aaron Lennon,everton-fc,2017,6,122
Aaron Lennon,everton-fc,2018,9,122
Aaron Lennon,tottenham-hotspur,2015,3,122
Aaron Mooy,huddersfield-town,2018,34,123
Aaron Mooy,huddersfield-town,2019,25,123
Aaron Ramsey,arsenal-fc,2015,23,124
Aaron Ramsey,arsenal-fc,2016,29,124
Aaron Ramsey,arsenal-fc,2017,13,124
Aaron Ramsey,arsenal-fc,2018,21,124
Aaron Ramsey,arsenal-fc,2019,14,124
Aaron Rowe,huddersfield-town,2019,1,125
Aaron Wan-Bissaka,crystal-palace,2018,7,126
Aaron Wan-Bissaka,crystal-palace,2019,35,126
Abdelhamid Sabiri,huddersfield-town,2018,2,127
Abdelhamid Sabiri,huddersfield-town,2019,1,127
Abdoulaye DoucourÃ©,watford-fc,2017,14,128
Abdoulaye DoucourÃ©,watford-fc,2018,37,128
Abdoulaye DoucourÃ©,watford-fc,2019,34,128
Abdul Rahman Baba,chelsea-fc,2016,11,129
Abel HernÃ¡ndez,hull-city,2015,15,130
Abel HernÃ¡ndez,hull-city,2017,16,130
Aboubakar Kamara,fulham-fc,2019,5,131
Adam Armstrong,newcastle-united,2015,1,132
Adam Clayton,middlesbrough-fc,2017,32,133
Adam Federici,afc-bournemouth,2016,6,134
Adam Federici,afc-bournemouth,2017,2,134
Adam Forshaw,middlesbrough-fc,2017,30,135
Adam Johnson,sunderland-afc,2015,23,136
Adam Johnson,sunderland-afc,2016,11,136
Adam Lallana,liverpool-fc,2015,23,137
Adam Lallana,liverpool-fc,2016,23,137
Adam Lallana,liverpool-fc,2017,27,137
Adam Lallana,liverpool-fc,2018,1,137
Adam Lallana,liverpool-fc,2019,5,137
Adam Masina,watford-fc,2019,11,138
Adam Smith,afc-bournemouth,2016,22,139
Adam Smith,afc-bournemouth,2017,34,139
Adam Smith,afc-bournemouth,2018,22,139
Adam Smith,afc-bournemouth,2019,25,139
Adama Diakhaby,huddersfield-town,2019,6,140
Adama DiomandÃ©,hull-city,2017,13,141
Adama TraorÃ©,middlesbrough-fc,2017,16,142
Adama TraorÃ©,wolverhampton-wanderers,2019,8,142
Adel Taarabt,queens-park-rangers,2015,3,143
Ademola Lookman,everton-fc,2017,3,144
Ademola Lookman,everton-fc,2018,1,144
Ademola Lookman,everton-fc,2019,3,144
AdlÃ¨ne GuÃ©dioura,watford-fc,2016,3,145
AdlÃ¨ne GuÃ©dioura,watford-fc,2017,9,145
Adnan Januzaj,manchester-united,2015,7,146
Adnan Januzaj,manchester-united,2016,2,146
Adnan Januzaj,sunderland-afc,2017,18,146
Adrian Mariappa,crystal-palace,2015,8,147
Adrian Mariappa,crystal-palace,2016,3,147
Adrian Mariappa,watford-fc,2017,6,147
Adrian Mariappa,watford-fc,2018,24,147
Adrian Mariappa,watford-fc,2019,20,147
Ahmed El Mohamady,hull-city,2015,38,148
Ahmed El Mohamady,hull-city,2017,28,148
Ahmed Hegazy,west-bromwich-albion,2018,38,149
Ahmed Musa,leicester-city,2017,7,150
Aiden McGeady,everton-fc,2015,10,151
Ainsley Maitland-Niles,arsenal-fc,2018,8,152
Ainsley Maitland-Niles,arsenal-fc,2019,11,152
Alan Hutton,aston-villa,2015,27,153
Alan Hutton,aston-villa,2016,26,153
Albert Adomah,middlesbrough-fc,2017,1,154
Alberto Paloschi,swansea-city,2016,7,155
Alejandro FaurlÃ­n,queens-park-rangers,2015,1,156
Aleksandar DragoviÄ,leicester-city,2018,7,157
Aleksandar Kolarov,manchester-city,2015,16,158
Aleksandar Kolarov,manchester-city,2016,25,158
Aleksandar Kolarov,manchester-city,2017,27,158
Aleksandar MitroviÄ,fulham-fc,2019,37,159
Aleksandar MitroviÄ,newcastle-united,2016,22,159
Alex Bruce,hull-city,2015,17,160
Alex Iwobi,arsenal-fc,2016,8,161
Alex Iwobi,arsenal-fc,2017,18,161
Alex Iwobi,arsenal-fc,2018,22,161
Alex Iwobi,arsenal-fc,2019,22,161
Alex McCarthy,crystal-palace,2016,7,162
Alex McCarthy,queens-park-rangers,2015,2,162
Alex McCarthy,southampton-fc,2018,18,162
Alex McCarthy,southampton-fc,2019,25,162
Alex Oxlade-Chamberlain,arsenal-fc,2015,17,163
Alex Oxlade-Chamberlain,arsenal-fc,2016,9,163
Alex Oxlade-Chamberlain,arsenal-fc,2017,16,163
Alex Oxlade-Chamberlain,arsenal-fc,2018,3,163
Alex Oxlade-Chamberlain,liverpool-fc,2018,14,163
Alex Pritchard,huddersfield-town,2018,12,164
Alex Pritchard,huddersfield-town,2019,26,164
Alex Song,west-ham-united,2015,25,165
Alex Song,west-ham-united,2016,8,165
Alexander SÃ¸rloth,crystal-palace,2018,4,166
Alexander Tettey,norwich-city,2016,23,167
Alexandre Lacazette,arsenal-fc,2018,26,168
Alexandre Lacazette,arsenal-fc,2019,27,168
Alexis SÃ¡nchez,arsenal-fc,2015,34,169
Alexis SÃ¡nchez,arsenal-fc,2016,28,169
Alexis SÃ¡nchez,arsenal-fc,2017,36,169
Alexis SÃ¡nchez,arsenal-fc,2018,17,169
Alexis SÃ¡nchez,manchester-united,2018,12,169
Alexis SÃ¡nchez,manchester-united,2019,9,169
Alfie Mawson,fulham-fc,2019,13,170
Alfie Mawson,swansea-city,2017,27,170
Alfie Mawson,swansea-city,2018,38,170
Alfred N'Diaye,hull-city,2017,15,171
Alireza Jahanbakhsh,brighton-hove-albion,2019,12,172
Allan McGregor,hull-city,2015,26,173
Allan Nyom,watford-fc,2016,29,174
Allan Nyom,west-bromwich-albion,2017,29,174
Allan Nyom,west-bromwich-albion,2018,25,174
Almen Abdi,watford-fc,2016,25,175
Aly Cissokho,aston-villa,2015,24,176
Aly Cissokho,aston-villa,2016,18,176
Andre Gray,burnley-fc,2017,26,177
Andre Gray,watford-fc,2018,16,177
Andre Gray,watford-fc,2019,13,177
Andre Wisdom,norwich-city,2016,9,178
Andre Wisdom,west-bromwich-albion,2015,22,178
Andrea Ranocchia,hull-city,2017,15,179
Andreas Christensen,chelsea-fc,2018,23,180
Andreas Christensen,chelsea-fc,2019,6,180
Andreas Weimann,aston-villa,2015,20,181
Andrej KramariÄ,leicester-city,2015,6,182
Andrew Robertson,hull-city,2015,17,183
Andrew Robertson,hull-city,2017,31,183
Andrew Robertson,liverpool-fc,2018,22,183
Andrew Robertson,liverpool-fc,2019,36,183
Andrew Surman,afc-bournemouth,2016,38,184
Andrew Surman,afc-bournemouth,2017,21,184
Andrew Surman,afc-bournemouth,2018,20,184
Andrew Surman,afc-bournemouth,2019,16,184
Andrey Yarmolenko,west-ham-united,2019,5,185
Andros Townsend,crystal-palace,2017,30,186
Andros Townsend,crystal-palace,2018,35,186
Andros Townsend,crystal-palace,2019,34,186
Andros Townsend,newcastle-united,2016,12,186
Andros Townsend,tottenham-hotspur,2015,10,186
AndrÃ© Ayew,swansea-city,2016,34,187
AndrÃ© Ayew,swansea-city,2018,10,187
AndrÃ© Ayew,west-ham-united,2017,16,187
AndrÃ© Ayew,west-ham-united,2018,9,187
AndrÃ© Carrillo,watford-fc,2018,16,188
AndrÃ© SchÃ¼rrle,chelsea-fc,2015,5,189
AndrÃ© SchÃ¼rrle,fulham-fc,2019,21,189
AndrÃ© Zambo,fulham-fc,2019,16,190
Andy Carroll,west-ham-united,2015,12,191
Andy Carroll,west-ham-united,2016,13,191
Andy Carroll,west-ham-united,2017,15,191
Andy Carroll,west-ham-united,2018,7,191
Andy Carroll,west-ham-united,2019,3,191
Andy King,leicester-city,2015,16,192
Andy King,leicester-city,2016,9,192
Andy King,leicester-city,2017,15,192
Andy King,leicester-city,2018,5,192
Andy King,swansea-city,2018,9,192
Angelo Ogbonna,west-ham-united,2016,27,193
Angelo Ogbonna,west-ham-united,2017,20,193
Angelo Ogbonna,west-ham-united,2018,32,193
Angelo Ogbonna,west-ham-united,2019,20,193
Angus Gunn,southampton-fc,2019,12,194
Anthony Knockaert,brighton-hove-albion,2018,27,195
Anthony Knockaert,brighton-hove-albion,2019,18,195
Anthony Knockaert,leicester-city,2015,3,195
Anthony Martial,manchester-united,2016,29,196
Anthony Martial,manchester-united,2017,18,196
Anthony Martial,manchester-united,2018,18,196
Anthony Martial,manchester-united,2019,18,196
Anthony RÃ©veillÃ¨re,sunderland-afc,2015,15,197
AntolÃ­n AlcarÃ¡z,everton-fc,2015,6,198
Antonio RÃ¼diger,chelsea-fc,2018,25,199
Antonio RÃ¼diger,chelsea-fc,2019,33,199
Antonio Valencia,manchester-united,2015,29,200
Antonio Valencia,manchester-united,2016,8,200
Antonio Valencia,manchester-united,2017,27,200
Antonio Valencia,manchester-united,2018,31,200
Antonio Valencia,manchester-united,2019,5,200
Armand TraorÃ©,queens-park-rangers,2015,7,201
Aron Gunnarsson,cardiff-city,2019,27,202
Arouna KonÃ©,everton-fc,2015,7,203
Arouna KonÃ©,everton-fc,2016,16,203
Arthur Masuaku,west-ham-united,2017,11,204
Arthur Masuaku,west-ham-united,2018,21,204
Arthur Masuaku,west-ham-united,2019,19,204
Artur Boruc,afc-bournemouth,2016,32,205
Artur Boruc,afc-bournemouth,2017,35,205
Artur Boruc,afc-bournemouth,2019,12,205
Ashley Barnes,burnley-fc,2015,28,206
Ashley Barnes,burnley-fc,2017,20,206
Ashley Barnes,burnley-fc,2018,21,206
Ashley Barnes,burnley-fc,2019,26,206
Ashley Fletcher,west-ham-united,2017,2,207
Ashley Westwood,aston-villa,2015,25,208
Ashley Westwood,aston-villa,2016,31,208
Ashley Westwood,burnley-fc,2017,6,208
Ashley Westwood,burnley-fc,2018,12,208
Ashley Westwood,burnley-fc,2019,31,208
Ashley Williams,everton-fc,2017,35,209
Ashley Williams,everton-fc,2018,20,209
Ashley Williams,swansea-city,2015,37,209
Ashley Williams,swansea-city,2016,36,209
Ashley Young,manchester-united,2015,23,210
Ashley Young,manchester-united,2016,11,210
Ashley Young,manchester-united,2017,8,210
Ashley Young,manchester-united,2018,28,210
Ashley Young,manchester-united,2019,28,210
Asmir BegoviÄ,afc-bournemouth,2018,38,211
Asmir BegoviÄ,afc-bournemouth,2019,24,211
Asmir BegoviÄ,chelsea-fc,2016,15,211
Asmir BegoviÄ,chelsea-fc,2017,2,211
Asmir BegoviÄ,stoke-city,2015,35,211
Axel Tuanzebe,manchester-united,2017,4,212
Aymeric Laporte,manchester-city,2018,9,213
Aymeric Laporte,manchester-city,2019,34,213
Bacary Sagna,manchester-city,2015,8,214
Bacary Sagna,manchester-city,2016,27,214
Bacary Sagna,manchester-city,2017,14,214
BafÃ©timbi Gomis,swansea-city,2015,18,215
BafÃ©timbi Gomis,swansea-city,2016,18,215
Bakary Sako,crystal-palace,2016,11,216
Bakary Sako,crystal-palace,2018,4,216
Barry Bannan,crystal-palace,2015,2,217
Bastian Schweinsteiger,manchester-united,2016,13,218
Ben Chilwell,leicester-city,2017,7,219
Ben Chilwell,leicester-city,2018,20,219
Ben Chilwell,leicester-city,2019,36,219
Ben Davies,tottenham-hotspur,2015,9,220
Ben Davies,tottenham-hotspur,2016,14,220
Ben Davies,tottenham-hotspur,2017,18,220
Ben Davies,tottenham-hotspur,2018,26,220
Ben Davies,tottenham-hotspur,2019,20,220
Ben Foster,watford-fc,2019,38,221
Ben Foster,west-bromwich-albion,2015,28,221
Ben Foster,west-bromwich-albion,2016,15,221
Ben Foster,west-bromwich-albion,2017,38,221
Ben Foster,west-bromwich-albion,2018,37,221
Ben Gibson,burnley-fc,2019,1,222
Ben Gibson,middlesbrough-fc,2017,38,222
Ben Hamer,huddersfield-town,2019,7,223
Ben Hamer,leicester-city,2015,8,223
Ben Hamer,leicester-city,2018,3,223
Ben Johnson,west-ham-united,2019,1,224
Ben Mee,burnley-fc,2015,32,225
Ben Mee,burnley-fc,2017,34,225
Ben Mee,burnley-fc,2018,29,225
Ben Mee,burnley-fc,2019,38,225
Ben Watson,watford-fc,2016,31,226
Ben Watson,watford-fc,2018,6,226
Ben Woodburn,liverpool-fc,2017,1,227
Beni Baningime,everton-fc,2018,1,228
Benik Afobe,afc-bournemouth,2016,12,229
Benik Afobe,afc-bournemouth,2017,14,229
Benik Afobe,afc-bournemouth,2018,5,229
Benjamin Mendy,manchester-city,2018,4,230
Benjamin Mendy,manchester-city,2019,10,230
Benjamin Stambouli,tottenham-hotspur,2015,4,231
Bernardo Espinosa,middlesbrough-fc,2017,10,232
Bernd Leno,arsenal-fc,2019,31,233
Bertrand TraorÃ©,chelsea-fc,2016,4,234
Billy Jones,sunderland-afc,2015,14,235
Billy Jones,sunderland-afc,2016,23,235
Billy Jones,sunderland-afc,2017,25,235
Biram Kayal,brighton-hove-albion,2018,8,236
Biram Kayal,brighton-hove-albion,2019,9,236
Boaz Myhill,west-bromwich-albion,2015,10,237
Boaz Myhill,west-bromwich-albion,2016,23,237
Boaz Myhill,west-bromwich-albion,2018,1,237
Bobby Reid,cardiff-city,2019,16,238
Bobby Zamora,queens-park-rangers,2015,19,239
Brad Guzan,aston-villa,2015,34,240
Brad Guzan,aston-villa,2016,28,240
Brad Guzan,middlesbrough-fc,2017,10,240
Brad Jones,liverpool-fc,2015,3,241
Brad Smith,afc-bournemouth,2017,3,242
Brad Smith,liverpool-fc,2016,3,242
Bradley Johnson,norwich-city,2016,1,243
Brandon Mason,watford-fc,2017,1,244
Branislav IvanoviÄ,chelsea-fc,2015,38,245
Branislav IvanoviÄ,chelsea-fc,2016,33,245
Branislav IvanoviÄ,chelsea-fc,2017,6,245
Brede Hangeland,crystal-palace,2015,12,246
Brede Hangeland,crystal-palace,2016,7,246
Brendan Galloway,everton-fc,2015,2,247
Brendan Galloway,everton-fc,2016,14,247
Brendan Galloway,west-bromwich-albion,2017,3,247
Brown Ideye,west-bromwich-albion,2015,13,248
Bruno Martins Indi,stoke-city,2017,35,249
Bruno Martins Indi,stoke-city,2018,14,249
Bruno ÃcuÃ©lÃ©,cardiff-city,2019,37,250
Bryan Oviedo,everton-fc,2015,2,251
Bryan Oviedo,everton-fc,2016,12,251
Bryan Oviedo,everton-fc,2017,6,251
Bryan Oviedo,sunderland-afc,2017,10,251
Callum Hudson-Odoi,chelsea-fc,2019,4,252
Callum McManaman,west-bromwich-albion,2015,5,253
Callum McManaman,west-bromwich-albion,2016,2,253
Callum Paterson,cardiff-city,2019,21,254
Callum Slattery,southampton-fc,2019,1,255
Callum Wilson,afc-bournemouth,2016,9,256
Callum Wilson,afc-bournemouth,2017,16,256
Callum Wilson,afc-bournemouth,2018,23,256
Callum Wilson,afc-bournemouth,2019,29,256
Calum Chambers,arsenal-fc,2015,17,257
Calum Chambers,arsenal-fc,2016,2,257
Calum Chambers,arsenal-fc,2017,1,257
Calum Chambers,arsenal-fc,2018,10,257
Calum Chambers,fulham-fc,2019,29,257
Calum Chambers,middlesbrough-fc,2017,24,257
Cameron Borthwick-Jackson,manchester-united,2016,6,258
Cameron Brannagan,liverpool-fc,2016,1,259
Cameron Jerome,norwich-city,2016,19,260
Carl Jenkinson,arsenal-fc,2017,1,261
Carl Jenkinson,arsenal-fc,2019,2,261
Carl Jenkinson,west-ham-united,2015,29,261
Carl Jenkinson,west-ham-united,2016,13,261
Carlos SÃ¡nchez,aston-villa,2015,20,262
Carlos SÃ¡nchez,aston-villa,2016,16,262
Carlos SÃ¡nchez,west-ham-united,2019,2,262
Carlton Cole,west-ham-united,2015,8,263
Cenk Tosun,everton-fc,2018,12,264
Cenk Tosun,everton-fc,2019,10,264
Chancel Mbemba,newcastle-united,2016,33,265
Chancel Mbemba,newcastle-united,2018,7,265
Charles N'Zogbia,aston-villa,2015,19,266
Charlie Adam,stoke-city,2015,15,267
Charlie Adam,stoke-city,2016,12,267
Charlie Adam,stoke-city,2017,17,267
Charlie Adam,stoke-city,2018,5,267
Charlie Austin,queens-park-rangers,2015,35,268
Charlie Austin,southampton-fc,2016,2,268
Charlie Austin,southampton-fc,2017,11,268
Charlie Austin,southampton-fc,2018,10,268
Charlie Austin,southampton-fc,2019,11,268
Charlie Daniels,afc-bournemouth,2016,37,269
Charlie Daniels,afc-bournemouth,2017,34,269
Charlie Daniels,afc-bournemouth,2018,34,269
Charlie Daniels,afc-bournemouth,2019,17,269
Charlie Taylor,burnley-fc,2018,10,270
Charlie Taylor,burnley-fc,2019,35,270
Cheick TiotÃ©,newcastle-united,2015,10,271
Cheick TiotÃ©,newcastle-united,2016,16,271
Cheikhou KouyatÃ©,crystal-palace,2019,21,272
Cheikhou KouyatÃ©,west-ham-united,2015,30,272
Cheikhou KouyatÃ©,west-ham-united,2016,34,272
Cheikhou KouyatÃ©,west-ham-united,2017,31,272
Cheikhou KouyatÃ©,west-ham-united,2018,32,272
Chris Baird,west-bromwich-albion,2015,9,273
Chris Brunt,west-bromwich-albion,2015,33,274
Chris Brunt,west-bromwich-albion,2016,20,274
Chris Brunt,west-bromwich-albion,2017,27,274
Chris Brunt,west-bromwich-albion,2018,22,274
Chris LÃ¶we,huddersfield-town,2018,19,275
Chris LÃ¶we,huddersfield-town,2019,23,275
Chris Mepham,afc-bournemouth,2019,10,276
Chris Smalling,manchester-united,2015,21,277
Chris Smalling,manchester-united,2016,35,277
Chris Smalling,manchester-united,2017,13,277
Chris Smalling,manchester-united,2018,28,277
Chris Smalling,manchester-united,2019,24,277
Chris Wood,burnley-fc,2018,20,278
Chris Wood,burnley-fc,2019,29,278
Christian Atsu,everton-fc,2015,1,279
Christian Atsu,newcastle-united,2018,19,279
Christian Atsu,newcastle-united,2019,15,279
Christian Benteke,aston-villa,2015,26,280
Christian Benteke,crystal-palace,2017,36,280
Christian Benteke,crystal-palace,2018,24,280
Christian Benteke,crystal-palace,2019,9,280
Christian Benteke,liverpool-fc,2016,14,280
Christian Eriksen,tottenham-hotspur,2015,37,281
Christian Eriksen,tottenham-hotspur,2016,33,281
Christian Eriksen,tottenham-hotspur,2017,36,281
Christian Eriksen,tottenham-hotspur,2018,37,281
Christian Eriksen,tottenham-hotspur,2019,30,281
Christian Fuchs,leicester-city,2016,30,282
Christian Fuchs,leicester-city,2017,35,282
Christian Fuchs,leicester-city,2018,21,282
Christian Fuchs,leicester-city,2019,2,282
Christian Kabasele,watford-fc,2017,7,283
Christian Kabasele,watford-fc,2018,27,283
Christian Kabasele,watford-fc,2019,19,283
Christopher Schindler,huddersfield-town,2018,37,284
Christopher Schindler,huddersfield-town,2019,37,284
Chung-yong Lee,crystal-palace,2015,1,285
Chung-yong Lee,crystal-palace,2016,4,285
Chung-yong Lee,crystal-palace,2017,4,285
Chung-yong Lee,crystal-palace,2018,1,285
Ciaran Clark,aston-villa,2015,22,286
Ciaran Clark,aston-villa,2016,16,286
Ciaran Clark,newcastle-united,2018,19,286
Ciaran Clark,newcastle-united,2019,9,286
Claudio Bravo,manchester-city,2017,22,287
Claudio Bravo,manchester-city,2018,2,287
Claudio Yacob,west-bromwich-albion,2015,16,288
Claudio Yacob,west-bromwich-albion,2016,33,288
Claudio Yacob,west-bromwich-albion,2017,27,288
Claudio Yacob,west-bromwich-albion,2018,9,288
Clint Hill,queens-park-rangers,2015,15,289
Collin Quaner,huddersfield-town,2018,13,290
Connor Goldson,brighton-hove-albion,2018,2,291
Connor Randall,liverpool-fc,2016,2,292
Connor Roberts,swansea-city,2018,3,293
Connor Wickham,crystal-palace,2016,15,294
Connor Wickham,crystal-palace,2017,4,294
Connor Wickham,sunderland-afc,2015,31,294
Conor Coady,wolverhampton-wanderers,2019,38,295
Costel Pantilimon,sunderland-afc,2015,28,296
Costel Pantilimon,sunderland-afc,2016,17,296
Craig Cathcart,watford-fc,2016,34,297
Craig Cathcart,watford-fc,2017,13,297
Craig Cathcart,watford-fc,2018,5,297
Craig Cathcart,watford-fc,2019,35,297
Craig Dawson,west-bromwich-albion,2015,29,298
Craig Dawson,west-bromwich-albion,2016,38,298
Craig Dawson,west-bromwich-albion,2017,37,298
Craig Dawson,west-bromwich-albion,2018,28,298
Craig Gardner,west-bromwich-albion,2015,30,299
Craig Gardner,west-bromwich-albion,2016,20,299
Craig Gardner,west-bromwich-albion,2017,2,299
Cristhian Stuani,middlesbrough-fc,2017,16,300
Cristian Gamboa,west-bromwich-albion,2015,1,301
Cuco Martina,everton-fc,2018,20,302
Cuco Martina,southampton-fc,2016,11,302
Cuco Martina,southampton-fc,2017,6,302
Curtis Davies,hull-city,2015,21,303
Curtis Davies,hull-city,2017,25,303
Cyrus Christie,fulham-fc,2019,19,304
Dale Stephens,brighton-hove-albion,2018,36,305
Dale Stephens,brighton-hove-albion,2019,29,305
Daley Blind,manchester-united,2015,25,306
Daley Blind,manchester-united,2016,35,306
Daley Blind,manchester-united,2017,20,306
Daley Blind,manchester-united,2018,4,306
Dame N'Doye,hull-city,2015,13,307
Dame N'Doye,sunderland-afc,2016,5,307
Damien Delaney,crystal-palace,2015,28,308
Damien Delaney,crystal-palace,2016,32,308
Damien Delaney,crystal-palace,2017,21,308
Damien Delaney,crystal-palace,2018,1,308
Dan Gosling,afc-bournemouth,2016,28,309
Dan Gosling,afc-bournemouth,2017,14,309
Dan Gosling,afc-bournemouth,2018,21,309
Dan Gosling,afc-bournemouth,2019,19,309
Daniel Amartey,leicester-city,2016,1,310
Daniel Amartey,leicester-city,2017,17,310
Daniel Amartey,leicester-city,2018,6,310
Daniel Amartey,leicester-city,2019,7,310
Daniel Sturridge,liverpool-fc,2015,7,311
Daniel Sturridge,liverpool-fc,2016,11,311
Daniel Sturridge,liverpool-fc,2017,7,311
Daniel Sturridge,liverpool-fc,2018,5,311
Daniel Sturridge,liverpool-fc,2019,4,311
Daniel Sturridge,west-bromwich-albion,2018,2,311
Daniel Williams,huddersfield-town,2018,11,312
Daniel Williams,huddersfield-town,2019,1,312
Danny Drinkwater,chelsea-fc,2018,5,313
Danny Drinkwater,leicester-city,2015,16,313
Danny Drinkwater,leicester-city,2016,35,313
Danny Drinkwater,leicester-city,2017,27,313
Danny Graham,sunderland-afc,2015,7,314
Danny Graham,sunderland-afc,2016,4,314
Danny Ings,burnley-fc,2015,35,315
Danny Ings,liverpool-fc,2016,3,315
Danny Ings,liverpool-fc,2018,3,315
Danny Ings,southampton-fc,2019,23,315
Danny Rose,tottenham-hotspur,2015,27,316
Danny Rose,tottenham-hotspur,2016,24,316
Danny Rose,tottenham-hotspur,2017,18,316
Danny Rose,tottenham-hotspur,2018,9,316
Danny Rose,tottenham-hotspur,2019,20,316
Danny Simpson,leicester-city,2015,13,317
Danny Simpson,leicester-city,2016,30,317
Danny Simpson,leicester-city,2017,34,317
Danny Simpson,leicester-city,2018,27,317
Danny Simpson,leicester-city,2019,3,317
Danny Simpson,queens-park-rangers,2015,1,317
Danny Ward,cardiff-city,2019,4,318
Danny Ward,liverpool-fc,2016,2,318
Danny Welbeck,arsenal-fc,2015,18,319
Danny Welbeck,arsenal-fc,2016,7,319
Danny Welbeck,arsenal-fc,2017,8,319
Danny Welbeck,arsenal-fc,2018,12,319
Danny Welbeck,arsenal-fc,2019,1,319
Darnell Furlong,queens-park-rangers,2015,3,320
Darren Fletcher,manchester-united,2015,4,321
Darren Fletcher,stoke-city,2018,25,321
Darren Fletcher,west-bromwich-albion,2015,15,321
Darren Fletcher,west-bromwich-albion,2016,38,321
Darren Fletcher,west-bromwich-albion,2017,37,321
Darren Randolph,west-ham-united,2016,6,322
Darren Randolph,west-ham-united,2017,22,322
Darron Gibson,everton-fc,2015,3,323
Darron Gibson,everton-fc,2016,2,323
Darron Gibson,sunderland-afc,2017,7,323
Daryl Janmaat,newcastle-united,2015,37,324
Daryl Janmaat,newcastle-united,2016,32,324
Daryl Janmaat,watford-fc,2017,18,324
Daryl Janmaat,watford-fc,2018,21,324
Daryl Janmaat,watford-fc,2019,17,324
David Brooks,afc-bournemouth,2019,29,325
David Button,brighton-hove-albion,2019,4,326
David Jones,burnley-fc,2015,36,327
David Jones,burnley-fc,2017,1,327
David Marshall,hull-city,2017,16,328
David Meyler,hull-city,2015,19,329
David Meyler,hull-city,2017,9,329
David Nugent,leicester-city,2015,16,330
David Ospina,arsenal-fc,2015,18,331
David Ospina,arsenal-fc,2016,4,331
David Ospina,arsenal-fc,2017,1,331
David Ospina,arsenal-fc,2018,4,331
Davide Zappacosta,chelsea-fc,2018,12,332
Davide Zappacosta,chelsea-fc,2019,1,332
Davinson SÃ¡nchez,tottenham-hotspur,2018,29,333
Davinson SÃ¡nchez,tottenham-hotspur,2019,22,333
Davy Klaassen,everton-fc,2018,3,334
Davy PrÃ¶pper,brighton-hove-albion,2018,35,335
Davy PrÃ¶pper,brighton-hove-albion,2019,30,335
DeAndre Yedlin,newcastle-united,2018,31,336
DeAndre Yedlin,newcastle-united,2019,28,336
DeAndre Yedlin,sunderland-afc,2016,21,336
Dean Hammond,leicester-city,2015,9,337
Dean Marney,burnley-fc,2015,20,338
Dean Marney,burnley-fc,2017,21,338
Declan Rice,west-ham-united,2018,15,339
Declan Rice,west-ham-united,2019,34,339
Declan Rudd,norwich-city,2016,11,340
Dedryck Boyata,manchester-city,2015,1,341
Dejan Lovren,liverpool-fc,2015,22,342
Dejan Lovren,liverpool-fc,2016,22,342
Dejan Lovren,liverpool-fc,2017,29,342
Dejan Lovren,liverpool-fc,2018,25,342
Dejan Lovren,liverpool-fc,2019,11,342
Dele Alli,tottenham-hotspur,2016,28,343
Dele Alli,tottenham-hotspur,2017,35,343
Dele Alli,tottenham-hotspur,2018,34,343
Dele Alli,tottenham-hotspur,2019,22,343
Demarai Gray,leicester-city,2016,1,344
Demarai Gray,leicester-city,2017,9,344
Demarai Gray,leicester-city,2018,17,344
Demarai Gray,leicester-city,2019,23,344
Demeaco Duhaney,huddersfield-town,2019,1,345
Demetri Mitchell,manchester-united,2017,1,346
Denis Odoi,fulham-fc,2019,29,347
Diafra Sakho,west-ham-united,2015,20,348
Diafra Sakho,west-ham-united,2016,18,348
Diafra Sakho,west-ham-united,2017,2,348
Didier Drogba,chelsea-fc,2015,8,349
Didier Ndong,sunderland-afc,2017,27,350
Diego Poyet,west-ham-united,2015,1,351
Dieumerci Mbokani,hull-city,2017,8,352
Dieumerci Mbokani,norwich-city,2016,15,352
Dimitri Payet,west-ham-united,2016,29,353
Dimitri Payet,west-ham-united,2017,17,353
Divock Origi,liverpool-fc,2016,7,354
Divock Origi,liverpool-fc,2017,14,354
Divock Origi,liverpool-fc,2019,4,354
Dominic Calvert-Lewin,everton-fc,2017,5,355
Dominic Calvert-Lewin,everton-fc,2018,18,355
Dominic Calvert-Lewin,everton-fc,2019,19,355
Dominic Solanke,afc-bournemouth,2019,2,356
Dominic Solanke,liverpool-fc,2018,5,356
Donald Love,sunderland-afc,2017,6,357
Duncan Watmore,sunderland-afc,2016,7,358
Duncan Watmore,sunderland-afc,2017,11,358
DuÅ¡an TadiÄ,southampton-fc,2015,24,359
DuÅ¡an TadiÄ,southampton-fc,2016,27,359
DuÅ¡an TadiÄ,southampton-fc,2017,30,359
DuÅ¡an TadiÄ,southampton-fc,2018,34,359
Dwight Gayle,crystal-palace,2015,11,360
Dwight Gayle,crystal-palace,2016,8,360
Dwight Gayle,newcastle-united,2018,23,360
Dwight McNeil,burnley-fc,2019,19,361
Dwight Tiendalli,swansea-city,2015,1,362
Eden Hazard,chelsea-fc,2015,38,363
Eden Hazard,chelsea-fc,2016,25,363
Eden Hazard,chelsea-fc,2017,36,363
Eden Hazard,chelsea-fc,2018,28,363
Eden Hazard,chelsea-fc,2019,32,363
Edimilson Fernandes,west-ham-united,2017,8,364
Edimilson Fernandes,west-ham-united,2018,9,364
Edin DÅ¾eko,manchester-city,2015,11,365
Eduardo Vargas,queens-park-rangers,2015,16,366
Eldin JakupoviÄ,hull-city,2015,2,367
Eldin JakupoviÄ,hull-city,2017,22,367
Eldin JakupoviÄ,leicester-city,2018,2,367
Eliaquim Mangala,everton-fc,2018,2,368
Eliaquim Mangala,manchester-city,2015,24,368
Eliaquim Mangala,manchester-city,2016,23,368
Eliaquim Mangala,manchester-city,2018,4,368
Elias Kachunga,huddersfield-town,2018,17,369
Elias Kachunga,huddersfield-town,2019,13,369
Eljero Elia,southampton-fc,2015,9,370
Emanuele Giaccherini,sunderland-afc,2015,2,371
Emerson Hyndman,afc-bournemouth,2018,1,372
Emiliano MartÃ­nez,arsenal-fc,2015,3,373
Emiliano MartÃ­nez,arsenal-fc,2017,2,373
Emilio N'Sue,middlesbrough-fc,2017,4,374
Emmanuel Adebayor,crystal-palace,2016,7,375
Emmanuel Adebayor,tottenham-hotspur,2015,9,375
Emmanuel Emenike,west-ham-united,2016,5,376
Emmanuel RiviÃ¨re,newcastle-united,2015,15,377
Emmanuel RiviÃ¨re,newcastle-united,2016,1,377
Emre Can,liverpool-fc,2015,23,378
Emre Can,liverpool-fc,2016,28,378
Emre Can,liverpool-fc,2017,26,378
Emre Can,liverpool-fc,2018,24,378
Enner Valencia,everton-fc,2017,5,379
Enner Valencia,west-ham-united,2015,25,379
Enner Valencia,west-ham-united,2016,10,379
Enner Valencia,west-ham-united,2017,3,379
Eric Bailly,manchester-united,2017,24,380
Eric Bailly,manchester-united,2018,11,380
Eric Bailly,manchester-united,2019,8,380
Eric Dier,tottenham-hotspur,2015,25,381
Eric Dier,tottenham-hotspur,2016,37,381
Eric Dier,tottenham-hotspur,2017,34,381
Eric Dier,tottenham-hotspur,2018,32,381
Eric Dier,tottenham-hotspur,2019,18,381
Eric Maxim Choupo-Moting,stoke-city,2018,26,382
Erik Durm,huddersfield-town,2019,21,383
Erik Pieters,stoke-city,2015,29,384
Erik Pieters,stoke-city,2016,35,384
Erik Pieters,stoke-city,2017,35,384
Erik Pieters,stoke-city,2018,30,384
Esteban Cambiasso,leicester-city,2015,27,385
Eunan O'Kane,afc-bournemouth,2016,6,386
Ezequiel Schelotto,brighton-hove-albion,2018,15,387
Fabian Delph,aston-villa,2015,27,388
Fabian Delph,manchester-city,2016,8,388
Fabian Delph,manchester-city,2017,2,388
Fabian Delph,manchester-city,2018,21,388
Fabian Delph,manchester-city,2019,8,388
Fabian SchÃ¤r,newcastle-united,2019,22,389
Fabio Borini,liverpool-fc,2015,3,390
Fabio Borini,sunderland-afc,2016,22,390
Fabio Borini,sunderland-afc,2017,19,390
FabiÃ¡n Balbuena,west-ham-united,2019,23,391
Fabricio Coloccini,newcastle-united,2015,32,392
Fabricio Coloccini,newcastle-united,2016,26,392
Federico Fazio,tottenham-hotspur,2015,20,393
Federico FernÃ¡ndez,newcastle-united,2019,17,394
Federico FernÃ¡ndez,swansea-city,2015,27,394
Federico FernÃ¡ndez,swansea-city,2016,32,394
Federico FernÃ¡ndez,swansea-city,2017,27,394
Federico FernÃ¡ndez,swansea-city,2018,30,394
Filip ÄuriÄiÄ,southampton-fc,2015,3,395
Florent Hadergjonaj,huddersfield-town,2018,19,396
Florent Hadergjonaj,huddersfield-town,2019,19,396
Florian Lejeune,newcastle-united,2018,24,397
Florian Lejeune,newcastle-united,2019,12,397
Florian Thauvin,newcastle-united,2016,3,398
Florin Andone,brighton-hove-albion,2019,8,399
Florin GardoÅ,southampton-fc,2015,5,400
Floyd AyitÃ©,fulham-fc,2019,3,401
FoussÃ©ni DiabatÃ©,leicester-city,2018,5,402
FoussÃ©ni DiabatÃ©,leicester-city,2019,1,402
Fraizer Campbell,crystal-palace,2015,13,403
Fraizer Campbell,crystal-palace,2016,4,403
Francis Coquelin,arsenal-fc,2015,19,404
Francis Coquelin,arsenal-fc,2016,21,404
Francis Coquelin,arsenal-fc,2017,22,404
Francis Coquelin,arsenal-fc,2018,1,404
Frank Lampard,manchester-city,2015,10,405
Fraser Forster,southampton-fc,2015,30,406
Fraser Forster,southampton-fc,2016,18,406
Fraser Forster,southampton-fc,2017,38,406
Fraser Forster,southampton-fc,2018,20,406
Fraser Forster,southampton-fc,2019,1,406
Fredrik Ulvestad,burnley-fc,2015,1,407
Gabriel Agbonlahor,aston-villa,2015,30,408
Gabriel Agbonlahor,aston-villa,2016,13,408
Gabriel Obertan,newcastle-united,2015,8,409
Gabriel Obertan,newcastle-united,2016,3,409
Gareth Barry,everton-fc,2015,33,410
Gareth Barry,everton-fc,2016,32,410
Gareth Barry,everton-fc,2017,23,410
Gareth Barry,west-bromwich-albion,2018,22,410
Gareth McAuley,west-bromwich-albion,2015,24,411
Gareth McAuley,west-bromwich-albion,2016,34,411
Gareth McAuley,west-bromwich-albion,2017,36,411
Gareth McAuley,west-bromwich-albion,2018,5,411
Gary Cahill,chelsea-fc,2015,33,412
Gary Cahill,chelsea-fc,2016,21,412
Gary Cahill,chelsea-fc,2017,36,412
Gary Cahill,chelsea-fc,2018,24,412
Gary O'Neil,norwich-city,2016,19,413
GastÃ³n RamÃ­rez,hull-city,2015,11,414
GastÃ³n RamÃ­rez,middlesbrough-fc,2017,20,414
GaÃ«l Clichy,manchester-city,2015,23,415
GaÃ«l Clichy,manchester-city,2016,12,415
GaÃ«l Clichy,manchester-city,2017,24,415
GaÃ«tan Bong,brighton-hove-albion,2018,25,416
GaÃ«tan Bong,brighton-hove-albion,2019,19,416
Geoff Cameron,stoke-city,2015,21,417
Geoff Cameron,stoke-city,2016,27,417
Geoff Cameron,stoke-city,2017,18,417
Geoff Cameron,stoke-city,2018,17,417
George Boyd,burnley-fc,2015,35,418
George Boyd,burnley-fc,2017,33,418
George Friend,middlesbrough-fc,2017,20,419
George Honeyman,sunderland-afc,2017,2,420
Georges-KÃ©vin N'Koudou,burnley-fc,2018,2,421
Georginio Wijnaldum,liverpool-fc,2017,33,422
Georginio Wijnaldum,liverpool-fc,2018,27,422
Georginio Wijnaldum,liverpool-fc,2019,32,422
Georginio Wijnaldum,newcastle-united,2016,36,422
Gerhard Tremmel,swansea-city,2015,1,423
Giannelli Imbula,stoke-city,2016,14,424
Giannelli Imbula,stoke-city,2017,9,424
Glen Johnson,liverpool-fc,2015,15,425
Glen Johnson,stoke-city,2016,25,425
Glen Johnson,stoke-city,2017,21,425
Glen Johnson,stoke-city,2018,7,425
Glenn Murray,afc-bournemouth,2016,6,426
Glenn Murray,brighton-hove-albion,2018,25,426
Glenn Murray,brighton-hove-albion,2019,30,426
Glenn Murray,crystal-palace,2015,9,426
Glenn Murray,crystal-palace,2016,2,426
Glenn Whelan,stoke-city,2015,26,427
Glenn Whelan,stoke-city,2016,37,427
Glenn Whelan,stoke-city,2017,26,427
Gonzalo HiguaÃ­n,chelsea-fc,2019,13,428
Grady Diangana,west-ham-united,2019,6,429
Graham Dorrans,norwich-city,2016,14,430
Graham Dorrans,west-bromwich-albion,2015,19,430
Granit Xhaka,arsenal-fc,2017,28,431
Granit Xhaka,arsenal-fc,2018,37,431
Granit Xhaka,arsenal-fc,2019,29,431
Grant Leadbitter,middlesbrough-fc,2017,7,432
Graziano PellÃ¨,southampton-fc,2015,37,433
Graziano PellÃ¨,southampton-fc,2016,23,433
Greg Cunningham,cardiff-city,2019,7,434
Grzegorz Krychowiak,west-bromwich-albion,2018,20,435
Guido Carrillo,southampton-fc,2018,5,436
Guillermo Varela,manchester-united,2016,3,437
Guy Demel,west-ham-united,2015,3,438
Gylfi SigurÃ°sson,everton-fc,2018,25,439
Gylfi SigurÃ°sson,everton-fc,2019,36,439
Gylfi SigurÃ°sson,swansea-city,2015,32,439
Gylfi SigurÃ°sson,swansea-city,2016,32,439
Gylfi SigurÃ°sson,swansea-city,2017,37,439
GÃ¶khan Inler,leicester-city,2016,3,440
GÃ¶khan TÃ¶re,west-ham-united,2017,3,441
Hal Robson-Kanu,west-bromwich-albion,2017,5,442
Hal Robson-Kanu,west-bromwich-albion,2018,8,442
Hamza Choudhury,leicester-city,2018,4,443
Hamza Choudhury,leicester-city,2019,7,443
Harrison Reed,southampton-fc,2015,5,444
Harrison Reed,southampton-fc,2017,1,444
Harry Arter,afc-bournemouth,2016,21,445
Harry Arter,afc-bournemouth,2017,33,445
Harry Arter,afc-bournemouth,2018,11,445
Harry Arter,cardiff-city,2019,24,445
Harry Kane,tottenham-hotspur,2015,28,446
Harry Kane,tottenham-hotspur,2016,38,446
Harry Kane,tottenham-hotspur,2017,29,446
Harry Kane,tottenham-hotspur,2018,35,446
Harry Kane,tottenham-hotspur,2019,27,446
Harry Maguire,hull-city,2017,25,447
Harry Maguire,leicester-city,2018,38,447
Harry Maguire,leicester-city,2019,31,447
Harry Winks,tottenham-hotspur,2017,3,448
Harry Winks,tottenham-hotspur,2018,9,448
Harry Winks,tottenham-hotspur,2019,17,448
Harvey Barnes,leicester-city,2019,11,449
Hatem Ben Arfa,hull-city,2015,5,450
Henri Saivet,newcastle-united,2016,2,451
Henri Saivet,newcastle-united,2018,1,451
Henrikh Mkhitaryan,arsenal-fc,2018,9,452
Henrikh Mkhitaryan,arsenal-fc,2019,19,452
Henrikh Mkhitaryan,manchester-united,2017,15,452
Henrikh Mkhitaryan,manchester-united,2018,11,452
Heung-min Son,tottenham-hotspur,2016,13,453
Heung-min Son,tottenham-hotspur,2017,23,453
Heung-min Son,tottenham-hotspur,2018,27,453
Heung-min Son,tottenham-hotspur,2019,23,453
Hugo Lloris,tottenham-hotspur,2015,35,454
Hugo Lloris,tottenham-hotspur,2016,37,454
Hugo Lloris,tottenham-hotspur,2017,34,454
Hugo Lloris,tottenham-hotspur,2018,36,454
Hugo Lloris,tottenham-hotspur,2019,33,454
HÃ¥vard Nordtveit,fulham-fc,2019,4,455
HÃ¥vard Nordtveit,west-ham-united,2017,11,455
Ibrahim Afellay,stoke-city,2016,24,456
Ibrahim Afellay,stoke-city,2017,3,456
Ibrahim Afellay,stoke-city,2018,1,456
Ibrahima CissÃ©,fulham-fc,2019,1,457
Idrissa Gueye,aston-villa,2016,35,458
Idrissa Gueye,everton-fc,2017,32,458
Idrissa Gueye,everton-fc,2018,32,458
Idrissa Gueye,everton-fc,2019,32,458
Ikechi Anya,watford-fc,2016,17,459
Isaac Hayden,newcastle-united,2018,15,460
Isaac Hayden,newcastle-united,2019,21,460
Isaac Mbenza,huddersfield-town,2019,10,461
Isaac Success,watford-fc,2017,2,462
Isaac Success,watford-fc,2019,9,462
Islam Slimani,leicester-city,2017,13,463
Islam Slimani,leicester-city,2018,2,463
Islam Slimani,newcastle-united,2018,1,463
Issa Diop,west-ham-united,2019,33,464
Izzy Brown,brighton-hove-albion,2018,4,465
Jack Butland,stoke-city,2015,3,466
Jack Butland,stoke-city,2016,31,466
Jack Butland,stoke-city,2017,5,466
Jack Butland,stoke-city,2018,35,466
Jack Colback,newcastle-united,2015,35,467
Jack Colback,newcastle-united,2016,28,467
Jack Cork,burnley-fc,2018,38,468
Jack Cork,burnley-fc,2019,37,468
Jack Cork,southampton-fc,2015,5,468
Jack Cork,swansea-city,2015,15,468
Jack Cork,swansea-city,2016,28,468
Jack Cork,swansea-city,2017,25,468
Jack Grealish,aston-villa,2015,7,469
Jack Grealish,aston-villa,2016,9,469
Jack Rodwell,sunderland-afc,2015,17,470
Jack Rodwell,sunderland-afc,2016,9,470
Jack Rodwell,sunderland-afc,2017,17,470
Jack Simpson,afc-bournemouth,2018,1,471
Jack Simpson,afc-bournemouth,2019,4,471
Jack Stephens,southampton-fc,2017,15,472
Jack Stephens,southampton-fc,2018,22,472
Jack Stephens,southampton-fc,2019,19,472
Jack Wilshere,afc-bournemouth,2017,22,473
Jack Wilshere,arsenal-fc,2015,9,473
Jack Wilshere,arsenal-fc,2016,1,473
Jack Wilshere,arsenal-fc,2018,12,473
Jack Wilshere,west-ham-united,2019,4,473
Jacob Murphy,newcastle-united,2018,13,474
Jacob Murphy,newcastle-united,2019,3,474
Jak Alnwick,newcastle-united,2015,5,475
Jake Hesketh,southampton-fc,2015,1,476
Jake Livermore,hull-city,2015,35,477
Jake Livermore,hull-city,2017,20,477
Jake Livermore,west-bromwich-albion,2017,15,477
Jake Livermore,west-bromwich-albion,2018,30,477
Jakob Haugaard,stoke-city,2016,4,478
Jamaal Lascelles,newcastle-united,2016,10,479
Jamaal Lascelles,newcastle-united,2018,32,479
Jamaal Lascelles,newcastle-united,2019,32,479
James Chester,hull-city,2015,23,480
James Chester,west-bromwich-albion,2016,9,480
James Collins,west-ham-united,2015,21,481
James Collins,west-ham-united,2016,16,481
James Collins,west-ham-united,2017,19,481
James Collins,west-ham-united,2018,12,481
James Husband,middlesbrough-fc,2017,1,482
James Maddison,leicester-city,2019,35,483
James McArthur,crystal-palace,2015,29,484
James McArthur,crystal-palace,2016,26,484
James McArthur,crystal-palace,2017,24,484
James McArthur,crystal-palace,2018,27,484
James McArthur,crystal-palace,2019,36,484
James McCarthy,everton-fc,2015,27,485
James McCarthy,everton-fc,2016,29,485
James McCarthy,everton-fc,2017,7,485
James McCarthy,everton-fc,2018,3,485
James McClean,west-bromwich-albion,2016,28,486
James McClean,west-bromwich-albion,2017,13,486
James McClean,west-bromwich-albion,2018,14,486
James Milner,liverpool-fc,2016,28,487
James Milner,liverpool-fc,2017,36,487
James Milner,liverpool-fc,2018,16,487
James Milner,liverpool-fc,2019,19,487
James Milner,manchester-city,2015,18,487
James Morrison,west-bromwich-albion,2015,29,488
James Morrison,west-bromwich-albion,2016,17,488
James Morrison,west-bromwich-albion,2017,17,488
James Morrison,west-bromwich-albion,2018,2,488
James Tarkowski,burnley-fc,2017,4,489
James Tarkowski,burnley-fc,2018,31,489
James Tarkowski,burnley-fc,2019,35,489
James Tomkins,crystal-palace,2017,23,490
James Tomkins,crystal-palace,2018,27,490
James Tomkins,crystal-palace,2019,29,490
James Tomkins,west-ham-united,2015,20,490
James Tomkins,west-ham-united,2016,23,490
James Ward-Prowse,southampton-fc,2015,16,491
James Ward-Prowse,southampton-fc,2016,14,491
James Ward-Prowse,southampton-fc,2017,22,491
James Ward-Prowse,southampton-fc,2018,20,491
James Ward-Prowse,southampton-fc,2019,21,491
James Wilson,manchester-united,2015,2,492
Jamie Murphy,brighton-hove-albion,2018,1,493
Jamie Vardy,leicester-city,2015,26,494
Jamie Vardy,leicester-city,2016,36,494
Jamie Vardy,leicester-city,2017,33,494
Jamie Vardy,leicester-city,2018,37,494
Jamie Vardy,leicester-city,2019,30,494
Jan Bednarek,southampton-fc,2018,5,495
Jan Bednarek,southampton-fc,2019,24,495
Jan Kirchhoff,sunderland-afc,2016,14,496
Jan Kirchhoff,sunderland-afc,2017,5,496
Jan Vertonghen,tottenham-hotspur,2015,31,497
Jan Vertonghen,tottenham-hotspur,2016,29,497
Jan Vertonghen,tottenham-hotspur,2017,33,497
Jan Vertonghen,tottenham-hotspur,2018,36,497
Jan Vertonghen,tottenham-hotspur,2019,22,497
Jannik Vestergaard,southampton-fc,2019,23,498
Jarrod Bowen,hull-city,2017,1,499
Jason Davidson,west-bromwich-albion,2015,1,500
Jason Denayer,sunderland-afc,2017,22,501
Jason Puncheon,crystal-palace,2015,31,502
Jason Puncheon,crystal-palace,2016,31,502
Jason Puncheon,crystal-palace,2017,35,502
Jason Puncheon,crystal-palace,2018,6,502
Jason Puncheon,huddersfield-town,2019,5,502
Jason Shackell,burnley-fc,2015,38,503
Javier HernÃ¡ndez,manchester-united,2015,1,504
Javier HernÃ¡ndez,west-ham-united,2018,16,504
Javier HernÃ¡ndez,west-ham-united,2019,14,504
Jay Fulton,swansea-city,2015,1,505
Jay Fulton,swansea-city,2017,9,505
Jay Rodriguez,southampton-fc,2016,3,506
Jay Rodriguez,southampton-fc,2017,9,506
Jay Rodriguez,west-bromwich-albion,2018,31,506
Jazz Richards,swansea-city,2015,7,507
JaÃ¯ro Riedewald,crystal-palace,2018,4,508
Jean MichaÃ«l Seri,fulham-fc,2019,27,509
Jed Steer,aston-villa,2015,1,510
Jeff Hendrick,burnley-fc,2017,31,511
Jeff Hendrick,burnley-fc,2018,29,511
Jeff Hendrick,burnley-fc,2019,25,511
Jefferson Lerma,afc-bournemouth,2019,29,512
Jefferson Montero,swansea-city,2015,15,513
Jefferson Montero,swansea-city,2016,14,513
Jefferson Montero,swansea-city,2017,2,513
Jeffrey Schlupp,crystal-palace,2017,11,514
Jeffrey Schlupp,crystal-palace,2018,21,514
Jeffrey Schlupp,crystal-palace,2019,18,514
Jeffrey Schlupp,leicester-city,2015,30,514
Jeffrey Schlupp,leicester-city,2016,14,514
Jeffrey Schlupp,leicester-city,2017,1,514
Jeremain Lens,sunderland-afc,2016,14,515
Jermain Defoe,afc-bournemouth,2018,11,516
Jermain Defoe,sunderland-afc,2015,17,516
Jermain Defoe,sunderland-afc,2016,28,516
Jermain Defoe,sunderland-afc,2017,37,516
Jerome Sinclair,watford-fc,2017,1,517
Jesse Lingard,manchester-united,2015,1,518
Jesse Lingard,manchester-united,2016,19,518
Jesse Lingard,manchester-united,2017,18,518
Jesse Lingard,manchester-united,2018,20,518
Jesse Lingard,manchester-united,2019,19,518
Joe Allen,liverpool-fc,2015,16,519
Joe Allen,liverpool-fc,2016,8,519
Joe Allen,stoke-city,2017,34,519
Joe Allen,stoke-city,2018,36,519
Joe Bennett,cardiff-city,2019,30,520
Joe Bryan,fulham-fc,2019,27,521
Joe Cole,aston-villa,2015,3,522
Joe Gomez,liverpool-fc,2016,5,523
Joe Gomez,liverpool-fc,2018,21,523
Joe Gomez,liverpool-fc,2019,12,523
Joe Hart,burnley-fc,2019,19,524
Joe Hart,manchester-city,2015,36,524
Joe Hart,manchester-city,2016,35,524
Joe Hart,west-ham-united,2018,19,524
Joe Ledley,crystal-palace,2015,30,525
Joe Ledley,crystal-palace,2016,11,525
Joe Ledley,crystal-palace,2017,13,525
Joe Lolley,huddersfield-town,2018,2,526
Joe Ralls,cardiff-city,2019,22,527
Joel Campbell,arsenal-fc,2016,11,528
Joel Coleman,huddersfield-town,2019,1,529
Joel Matip,liverpool-fc,2017,27,530
Joel Matip,liverpool-fc,2018,22,530
Joel Matip,liverpool-fc,2019,17,530
Joel Ward,crystal-palace,2015,37,531
Joel Ward,crystal-palace,2016,30,531
Joel Ward,crystal-palace,2017,38,531
Joel Ward,crystal-palace,2018,19,531
Joel Ward,crystal-palace,2019,6,531
Joey Barton,burnley-fc,2017,12,532
Joey Barton,queens-park-rangers,2015,27,532
Joey O'Brien,west-ham-united,2015,6,533
John Mikel,chelsea-fc,2015,6,534
John Mikel,chelsea-fc,2016,19,534
John O'Shea,sunderland-afc,2015,37,535
John O'Shea,sunderland-afc,2016,23,535
John O'Shea,sunderland-afc,2017,26,535
John Ruddy,norwich-city,2016,27,536
John Ruddy,wolverhampton-wanderers,2019,1,536
John Stones,everton-fc,2015,23,537
John Stones,everton-fc,2016,31,537
John Stones,manchester-city,2017,23,537
John Stones,manchester-city,2018,16,537
John Stones,manchester-city,2019,20,537
John Terry,chelsea-fc,2015,38,538
John Terry,chelsea-fc,2016,24,538
John Terry,chelsea-fc,2017,6,538
Joleon Lescott,aston-villa,2016,30,539
Joleon Lescott,sunderland-afc,2017,1,539
Joleon Lescott,west-bromwich-albion,2015,34,539
Joleon Lescott,west-bromwich-albion,2016,2,539
Jon Flanagan,burnley-fc,2017,3,540
Jon Flanagan,liverpool-fc,2016,5,540
Jon StankoviÄ,huddersfield-town,2019,9,541
Jon Walters,stoke-city,2015,28,542
Jon Walters,stoke-city,2016,18,542
Jon Walters,stoke-city,2017,13,542
Jonas LÃ¶ssl,huddersfield-town,2018,38,543
Jonas LÃ¶ssl,huddersfield-town,2019,30,543
Jonas Olsson,west-bromwich-albion,2015,9,544
Jonas Olsson,west-bromwich-albion,2016,25,544
Jonas Olsson,west-bromwich-albion,2017,7,544
Jonathan Calleri,west-ham-united,2017,4,545
Jonathan Hogg,huddersfield-town,2018,29,546
Jonathan Hogg,huddersfield-town,2019,29,546
Jonathan Leko,west-bromwich-albion,2016,3,547
Jonjo Shelvey,newcastle-united,2016,11,548
Jonjo Shelvey,newcastle-united,2018,25,548
Jonjo Shelvey,newcastle-united,2019,10,548
Jonjo Shelvey,swansea-city,2015,28,548
Jonjo Shelvey,swansea-city,2016,14,548
Jonjoe Kenny,everton-fc,2018,17,549
Jonjoe Kenny,everton-fc,2019,8,549
Jonny Evans,leicester-city,2019,21,550
Jonny Evans,manchester-united,2015,12,550
Jonny Evans,west-bromwich-albion,2016,30,550
Jonny Evans,west-bromwich-albion,2017,30,550
Jonny Evans,west-bromwich-albion,2018,26,550
Jonny Howson,norwich-city,2016,33,551
JonÃ¡s GutiÃ©rrez,newcastle-united,2015,6,552
Jordan Amavi,aston-villa,2016,9,553
Jordan Ayew,aston-villa,2016,27,554
Jordan Ayew,crystal-palace,2019,14,554
Jordan Ayew,swansea-city,2017,9,554
Jordan Ayew,swansea-city,2018,33,554
Jordan Henderson,liverpool-fc,2015,36,555
Jordan Henderson,liverpool-fc,2016,15,555
Jordan Henderson,liverpool-fc,2017,24,555
Jordan Henderson,liverpool-fc,2018,25,555
Jordan Henderson,liverpool-fc,2019,21,555
Jordan Lyden,aston-villa,2016,2,556
Jordan Pickford,everton-fc,2018,38,557
Jordan Pickford,everton-fc,2019,38,557
Jordan Pickford,sunderland-afc,2016,2,557
Jordan Pickford,sunderland-afc,2017,29,557
Jordan Rhodes,middlesbrough-fc,2017,2,558
Jordan Veretout,aston-villa,2016,21,559
Jordon Ibe,afc-bournemouth,2017,13,560
Jordon Ibe,afc-bournemouth,2018,22,560
Jordon Ibe,afc-bournemouth,2019,9,560
Jordon Ibe,liverpool-fc,2015,7,560
Jordon Ibe,liverpool-fc,2016,12,560
Jordon Mutch,crystal-palace,2015,4,561
Jordon Mutch,crystal-palace,2016,7,561
Jordon Mutch,queens-park-rangers,2015,6,561
Jordy Clasie,southampton-fc,2016,20,562
Jordy Clasie,southampton-fc,2017,12,562
Jores Okore,aston-villa,2015,22,563
Jores Okore,aston-villa,2016,12,563
Joseph Willock,arsenal-fc,2018,1,564
Joseph Willock,arsenal-fc,2019,1,564
Josh Harrop,manchester-united,2017,1,565
Josh Murphy,cardiff-city,2019,22,566
Josh Sims,southampton-fc,2017,1,567
Josh Sims,southampton-fc,2018,1,567
Josh Sims,southampton-fc,2019,2,567
Josh Tymon,hull-city,2017,4,568
Josh Tymon,stoke-city,2018,2,568
Joshua King,afc-bournemouth,2016,24,569
Joshua King,afc-bournemouth,2017,31,569
Joshua King,afc-bournemouth,2018,27,569
Joshua King,afc-bournemouth,2019,34,569
JosÃ© Holebas,watford-fc,2016,11,570
JosÃ© Holebas,watford-fc,2017,33,570
JosÃ© Holebas,watford-fc,2018,26,570
JosÃ© Holebas,watford-fc,2019,27,570
JosÃ© Izquierdo,brighton-hove-albion,2018,23,571
JosÃ© Izquierdo,brighton-hove-albion,2019,9,571
Jozy Altidore,sunderland-afc,2015,2,572
Juan Cuadrado,chelsea-fc,2015,4,573
Juan Foyth,tottenham-hotspur,2019,10,574
Juan Paredes,watford-fc,2016,7,575
Juan ZÃºÃ±iga,watford-fc,2017,6,576
Julian Speroni,crystal-palace,2015,36,577
Julian Speroni,crystal-palace,2016,2,577
Julian Speroni,crystal-palace,2018,11,577
Julian Speroni,crystal-palace,2019,1,577
Juninho Bacuna,huddersfield-town,2019,16,578
Junior Hoilett,cardiff-city,2019,23,579
Junior Hoilett,queens-park-rangers,2015,9,579
Junior Stanislas,afc-bournemouth,2016,17,580
Junior Stanislas,afc-bournemouth,2017,18,580
Junior Stanislas,afc-bournemouth,2018,17,580
Junior Stanislas,afc-bournemouth,2019,11,580
JÃ©rÃ©mie Boga,chelsea-fc,2018,1,581
JÃ©rÃ©my Pied,southampton-fc,2017,1,582
JÃ©rÃ©my Pied,southampton-fc,2018,2,582
JÃ³hann GuÃ°mundsson,burnley-fc,2017,10,583
JÃ³hann GuÃ°mundsson,burnley-fc,2018,32,583
JÃ³hann GuÃ°mundsson,burnley-fc,2019,19,583
JÃ¼rgen Locadia,brighton-hove-albion,2018,3,584
JÃ¼rgen Locadia,brighton-hove-albion,2019,12,584
Kadeem Harris,cardiff-city,2019,3,585
Kamil Grosicki,hull-city,2017,12,586
Karl Darlow,newcastle-united,2016,9,587
Karl Darlow,newcastle-united,2018,10,587
Karl Henry,queens-park-rangers,2015,27,588
Karlan Ahearne-Grant,huddersfield-town,2019,9,589
Kasey Palmer,huddersfield-town,2018,1,590
Kasper Schmeichel,leicester-city,2015,24,591
Kasper Schmeichel,leicester-city,2016,38,591
Kasper Schmeichel,leicester-city,2017,30,591
Kasper Schmeichel,leicester-city,2018,33,591
Kasper Schmeichel,leicester-city,2019,38,591
Kayne Ramsay,southampton-fc,2019,1,592
Kelechi Iheanacho,leicester-city,2018,7,593
Kelechi Iheanacho,leicester-city,2019,9,593
Kelechi Iheanacho,manchester-city,2016,7,593
Kelechi Iheanacho,manchester-city,2017,5,593
Kelvin Davis,southampton-fc,2015,6,594
Kelvin Davis,southampton-fc,2016,1,594
Ken Sema,watford-fc,2019,9,595
Kenneth Zohore,cardiff-city,2019,7,596
Kevin De Bruyne,manchester-city,2016,22,597
Kevin De Bruyne,manchester-city,2017,33,597
Kevin De Bruyne,manchester-city,2018,36,597
Kevin De Bruyne,manchester-city,2019,11,597
Kevin Long,burnley-fc,2017,3,598
Kevin Long,burnley-fc,2018,16,598
Kevin Long,burnley-fc,2019,5,598
Kevin Mbabu,newcastle-united,2016,2,599
Kevin McDonald,fulham-fc,2019,10,600
Kevin Mirallas,everton-fc,2015,18,601
Kevin Mirallas,everton-fc,2016,10,601
Kevin Mirallas,everton-fc,2017,23,601
Kevin Mirallas,everton-fc,2018,2,601
Kevin Nolan,west-ham-united,2015,19,602
Kevin Nolan,west-ham-united,2016,1,602
Kevin Stewart,liverpool-fc,2016,6,603
Kevin Toner,aston-villa,2016,3,604
Kevin Wimmer,stoke-city,2018,14,605
Kevin Wimmer,tottenham-hotspur,2016,9,605
Kevin Wimmer,tottenham-hotspur,2017,4,605
Kieran Dowell,everton-fc,2016,1,606
Kieran Gibbs,arsenal-fc,2015,18,607
Kieran Gibbs,arsenal-fc,2016,3,607
Kieran Gibbs,arsenal-fc,2017,8,607
Kieran Gibbs,west-bromwich-albion,2018,32,607
Kieran Richardson,aston-villa,2015,16,608
Kieran Richardson,aston-villa,2016,8,608
Kieran Trippier,burnley-fc,2015,38,609
Kieran Trippier,tottenham-hotspur,2016,5,609
Kieran Trippier,tottenham-hotspur,2017,6,609
Kieran Trippier,tottenham-hotspur,2018,21,609
Kieran Trippier,tottenham-hotspur,2019,26,609
Kolo TourÃ©,liverpool-fc,2015,7,610
Kolo TourÃ©,liverpool-fc,2016,9,610
Konstantinos Mavropanos,arsenal-fc,2018,3,611
Konstantinos Mavropanos,arsenal-fc,2019,3,611
Kostas Stafylidis,stoke-city,2018,4,612
Kristoffer Nordfeldt,swansea-city,2016,1,613
Kristoffer Nordfeldt,swansea-city,2017,1,613
Kun AgÃ¼ero,manchester-city,2015,30,614
Kun AgÃ¼ero,manchester-city,2016,29,614
Kun AgÃ¼ero,manchester-city,2017,25,614
Kun AgÃ¼ero,manchester-city,2018,22,614
Kun AgÃ¼ero,manchester-city,2019,31,614
Kurt Zouma,chelsea-fc,2015,7,615
Kurt Zouma,chelsea-fc,2016,21,615
Kurt Zouma,chelsea-fc,2017,3,615
Kurt Zouma,everton-fc,2019,29,615
Kurt Zouma,stoke-city,2018,32,615
Kyle Bartley,swansea-city,2015,7,616
Kyle Bartley,swansea-city,2016,3,616
Kyle Bartley,swansea-city,2018,2,616
Kyle Naughton,swansea-city,2015,10,617
Kyle Naughton,swansea-city,2016,19,617
Kyle Naughton,swansea-city,2017,31,617
Kyle Naughton,swansea-city,2018,34,617
Kyle Naughton,tottenham-hotspur,2015,5,617
Kyle Walker,manchester-city,2018,32,618
Kyle Walker,manchester-city,2019,30,618
Kyle Walker,tottenham-hotspur,2015,15,618
Kyle Walker,tottenham-hotspur,2016,33,618
Kyle Walker,tottenham-hotspur,2017,31,618
Kyle Walker-Peters,tottenham-hotspur,2018,2,619
Kyle Walker-Peters,tottenham-hotspur,2019,4,619
Lamine KonÃ©,sunderland-afc,2016,15,620
Lamine KonÃ©,sunderland-afc,2017,29,620
Lasse SÃ¸rensen,stoke-city,2018,1,621
Laurent Depoitre,huddersfield-town,2018,18,622
Laurent Depoitre,huddersfield-town,2019,10,622
Laurent Koscielny,arsenal-fc,2015,26,623
Laurent Koscielny,arsenal-fc,2016,33,623
Laurent Koscielny,arsenal-fc,2017,33,623
Laurent Koscielny,arsenal-fc,2018,25,623
Laurent Koscielny,arsenal-fc,2019,13,623
Lazar MarkoviÄ,hull-city,2017,12,624
Lazar MarkoviÄ,liverpool-fc,2015,11,624
Leander Dendoncker,wolverhampton-wanderers,2019,17,625
Leandro Bacuna,aston-villa,2015,10,626
Leandro Bacuna,aston-villa,2016,27,626
Leandro Bacuna,cardiff-city,2019,4,626
Lee Cattermole,sunderland-afc,2015,26,627
Lee Cattermole,sunderland-afc,2016,27,627
Lee Cattermole,sunderland-afc,2017,8,627
Lee Grant,stoke-city,2017,28,628
Lee Grant,stoke-city,2018,3,628
Lee Peltier,cardiff-city,2019,17,629
Lee Tomlin,afc-bournemouth,2016,3,630
Leighton Baines,everton-fc,2015,31,631
Leighton Baines,everton-fc,2016,16,631
Leighton Baines,everton-fc,2017,32,631
Leighton Baines,everton-fc,2018,22,631
Leighton Baines,everton-fc,2019,5,631
Leon Balogun,brighton-hove-albion,2019,5,632
Leon Britton,swansea-city,2015,7,633
Leon Britton,swansea-city,2016,19,633
Leon Britton,swansea-city,2017,16,633
Leon Britton,swansea-city,2018,4,633
Leon Osman,everton-fc,2015,13,634
Leon Osman,everton-fc,2016,2,634
Leonardo Ulloa,brighton-hove-albion,2018,2,635
Leonardo Ulloa,leicester-city,2015,29,635
Leonardo Ulloa,leicester-city,2016,7,635
Leonardo Ulloa,leicester-city,2017,3,635
Leroy Fer,queens-park-rangers,2015,27,636
Leroy Fer,swansea-city,2016,9,636
Leroy Fer,swansea-city,2017,27,636
Leroy Fer,swansea-city,2018,15,636
Leroy SanÃ©,manchester-city,2017,20,637
Leroy SanÃ©,manchester-city,2018,27,637
Leroy SanÃ©,manchester-city,2019,21,637
Lewis Cook,afc-bournemouth,2017,4,638
Lewis Cook,afc-bournemouth,2018,25,638
Lewis Cook,afc-bournemouth,2019,8,638
Lewis Dunk,brighton-hove-albion,2018,38,639
Lewis Dunk,brighton-hove-albion,2019,36,639
Lewis Grabban,afc-bournemouth,2016,4,640
Lewis Grabban,norwich-city,2016,3,640
Liam Bridcutt,sunderland-afc,2015,10,641
Liam Moore,leicester-city,2015,10,642
Liam Rosenior,brighton-hove-albion,2018,1,643
Liam Rosenior,hull-city,2015,5,643
Libor KozÃ¡k,aston-villa,2016,3,644
Loris Karius,liverpool-fc,2017,10,645
Loris Karius,liverpool-fc,2018,19,645
LoÃ¯c RÃ©my,chelsea-fc,2015,6,646
LoÃ¯c RÃ©my,chelsea-fc,2016,3,646
LoÃ¯c RÃ©my,crystal-palace,2017,1,646
LoÃ¯c RÃ©my,queens-park-rangers,2015,2,646
Lucas Digne,everton-fc,2019,33,647
Lucas Torreira,arsenal-fc,2019,24,648
Luciano Narsingh,swansea-city,2017,3,649
Luciano Narsingh,swansea-city,2018,5,649
Luciano Vietto,fulham-fc,2019,10,650
Luka MilivojeviÄ,crystal-palace,2017,14,651
Luka MilivojeviÄ,crystal-palace,2018,35,651
Luka MilivojeviÄ,crystal-palace,2019,38,651
Lukas Jutkiewicz,burnley-fc,2015,10,652
Luke Garbutt,everton-fc,2015,3,653
Luke Shaw,manchester-united,2015,15,654
Luke Shaw,manchester-united,2016,5,654
Luke Shaw,manchester-united,2017,9,654
Luke Shaw,manchester-united,2018,8,654
Luke Shaw,manchester-united,2019,29,654
Lynden Gooch,sunderland-afc,2017,4,655
Lys Mousset,afc-bournemouth,2017,3,656
Lys Mousset,afc-bournemouth,2018,4,656
Lys Mousset,afc-bournemouth,2019,1,656
M'Baye Niang,watford-fc,2017,15,657
Maarten Stekelenburg,everton-fc,2017,19,658
Maarten Stekelenburg,southampton-fc,2016,17,658
Mamadou Sakho,crystal-palace,2017,8,659
Mamadou Sakho,crystal-palace,2018,18,659
Mamadou Sakho,crystal-palace,2019,27,659
Mamadou Sakho,liverpool-fc,2015,15,659
Mamadou Sakho,liverpool-fc,2016,21,659
Mame Diouf,stoke-city,2015,28,660
Mame Diouf,stoke-city,2016,12,660
Mame Diouf,stoke-city,2017,15,660
Mame Diouf,stoke-city,2018,30,660
Manolo Gabbiadini,southampton-fc,2017,10,661
Manolo Gabbiadini,southampton-fc,2018,11,661
Manolo Gabbiadini,southampton-fc,2019,4,661
Manuel Lanzini,west-ham-united,2016,23,662
Manuel Lanzini,west-ham-united,2017,31,662
Manuel Lanzini,west-ham-united,2018,23,662
Manuel Lanzini,west-ham-united,2019,8,662
Marc Albrighton,leicester-city,2015,10,663
Marc Albrighton,leicester-city,2016,34,663
Marc Albrighton,leicester-city,2017,29,663
Marc Albrighton,leicester-city,2018,30,663
Marc Albrighton,leicester-city,2019,18,663
Marc Pugh,afc-bournemouth,2016,15,664
Marc Pugh,afc-bournemouth,2017,16,664
Marc Pugh,afc-bournemouth,2018,11,664
Marc Wilson,stoke-city,2015,25,665
Marc Wilson,stoke-city,2016,1,665
Marc Wilson,west-bromwich-albion,2017,3,665
Marcin Wasilewski,leicester-city,2015,22,666
Marcin Wasilewski,leicester-city,2016,3,666
Marcin Wasilewski,leicester-city,2017,1,666
Marco van Ginkel,stoke-city,2016,8,667
Marcos Rojo,manchester-united,2015,20,668
Marcos Rojo,manchester-united,2016,15,668
Marcos Rojo,manchester-united,2017,18,668
Marcos Rojo,manchester-united,2018,8,668
Marcos Rojo,manchester-united,2019,2,668
Marcus Bettinelli,fulham-fc,2019,7,669
Marcus Rashford,manchester-united,2016,11,670
Marcus Rashford,manchester-united,2017,16,670
Marcus Rashford,manchester-united,2018,17,670
Marcus Rashford,manchester-united,2019,26,670
Mario Balotelli,liverpool-fc,2015,10,671
Mario Lemina,southampton-fc,2018,20,672
Mario Lemina,southampton-fc,2019,18,672
Mark Bunn,aston-villa,2016,10,673
Mark Noble,west-ham-united,2015,27,674
Mark Noble,west-ham-united,2016,37,674
Mark Noble,west-ham-united,2017,29,674
Mark Noble,west-ham-united,2018,28,674
Mark Noble,west-ham-united,2019,29,674
Mark Schwarzer,leicester-city,2015,6,675
Mark Travers,afc-bournemouth,2019,2,676
Marko ArnautoviÄ,stoke-city,2015,20,677
Marko ArnautoviÄ,stoke-city,2016,33,677
Marko ArnautoviÄ,stoke-city,2017,32,677
Marko ArnautoviÄ,west-ham-united,2018,28,677
Marko ArnautoviÄ,west-ham-united,2019,24,677
Markus Henriksen,hull-city,2017,6,678
Markus Suttner,brighton-hove-albion,2018,13,679
Marouane Chamakh,crystal-palace,2015,15,680
Marouane Chamakh,crystal-palace,2016,1,680
Marouane Fellaini,manchester-united,2015,19,681
Marouane Fellaini,manchester-united,2016,12,681
Marouane Fellaini,manchester-united,2017,18,681
Marouane Fellaini,manchester-united,2018,5,681
Marouane Fellaini,manchester-united,2019,6,681
Marten de Roon,middlesbrough-fc,2017,32,682
Martin Cranie,huddersfield-town,2018,2,683
Martin DÃºbravka,newcastle-united,2018,12,684
Martin DÃºbravka,newcastle-united,2019,38,684
Martin Kelly,crystal-palace,2015,27,685
Martin Kelly,crystal-palace,2016,11,685
Martin Kelly,crystal-palace,2017,25,685
Martin Kelly,crystal-palace,2018,12,685
Martin Kelly,crystal-palace,2019,12,685
Martin Olsson,norwich-city,2016,20,686
Martin Olsson,swansea-city,2017,14,686
Martin Olsson,swansea-city,2018,36,686
Martin Å krtel,liverpool-fc,2015,33,687
Martin Å krtel,liverpool-fc,2016,21,687
MartÃ­n CÃ¡ceres,southampton-fc,2017,1,688
MartÃ­n Demichelis,manchester-city,2015,28,689
MartÃ­n Demichelis,manchester-city,2016,10,689
Marvin Emnes,swansea-city,2015,3,690
Marvin Emnes,swansea-city,2016,1,690
Marvin Sordell,burnley-fc,2015,2,691
Marvin Zeegelaar,watford-fc,2018,12,692
Mason Greenwood,manchester-united,2019,1,693
Mason Holgate,everton-fc,2017,16,694
Mason Holgate,everton-fc,2018,13,694
Mason Holgate,everton-fc,2019,4,694
Massadio HaÃ¯dara,newcastle-united,2015,12,695
Massadio HaÃ¯dara,newcastle-united,2016,6,695
Massadio HaÃ¯dara,newcastle-united,2018,1,695
Mateo KovaÄiÄ,chelsea-fc,2019,21,696
Mathew Ryan,brighton-hove-albion,2018,38,697
Mathew Ryan,brighton-hove-albion,2019,34,697
Mathias JÃ¸rgensen,huddersfield-town,2018,38,698
Mathias JÃ¸rgensen,huddersfield-town,2019,24,698
Mathieu Debuchy,arsenal-fc,2015,10,699
Mathieu Debuchy,arsenal-fc,2016,2,699
Mathieu Debuchy,arsenal-fc,2017,1,699
Mathieu Flamini,arsenal-fc,2015,15,700
Mathieu Flamini,arsenal-fc,2016,12,700
Mathieu Flamini,crystal-palace,2017,3,700
Matt Doherty,wolverhampton-wanderers,2019,35,701
Matt Grimes,swansea-city,2016,1,702
Matt Miazga,chelsea-fc,2016,2,703
Matt Phillips,queens-park-rangers,2015,20,704
Matt Phillips,west-bromwich-albion,2017,26,704
Matt Phillips,west-bromwich-albion,2018,23,704
Matt Ritchie,afc-bournemouth,2016,33,705
Matt Ritchie,newcastle-united,2018,32,705
Matt Ritchie,newcastle-united,2019,35,705
Matt Targett,southampton-fc,2015,3,706
Matt Targett,southampton-fc,2016,13,706
Matt Targett,southampton-fc,2017,5,706
Matt Targett,southampton-fc,2018,2,706
Matt Targett,southampton-fc,2019,13,706
Matteo Darmian,manchester-united,2016,24,707
Matteo Darmian,manchester-united,2017,15,707
Matteo Darmian,manchester-united,2018,5,707
Matteo Darmian,manchester-united,2019,5,707
Matthew Jarvis,norwich-city,2016,13,708
Matthew Jarvis,west-ham-united,2015,4,708
Matthew Lowton,aston-villa,2015,8,709
Matthew Lowton,burnley-fc,2017,36,709
Matthew Lowton,burnley-fc,2018,25,709
Matthew Lowton,burnley-fc,2019,19,709
Matthew Pennington,everton-fc,2016,4,710
Matthew Pennington,everton-fc,2017,2,710
Matthew Taylor,burnley-fc,2015,7,711
Matthew Upson,leicester-city,2015,5,712
Matty James,leicester-city,2015,20,713
Matty James,leicester-city,2018,11,713
MattÃ©o Guendouzi,arsenal-fc,2019,23,714
MatÄj Vydra,burnley-fc,2019,3,715
Mauricio Isla,queens-park-rangers,2015,24,716
Mauro ZÃ¡rate,watford-fc,2017,3,717
Mauro ZÃ¡rate,west-ham-united,2015,5,717
Mauro ZÃ¡rate,west-ham-united,2016,9,717
Max Gradel,afc-bournemouth,2016,11,718
Max Meyer,crystal-palace,2019,15,719
Maxime Le Marchand,fulham-fc,2019,25,720
Maya Yoshida,southampton-fc,2015,18,721
Maya Yoshida,southampton-fc,2016,10,721
Maya Yoshida,southampton-fc,2017,23,721
Maya Yoshida,southampton-fc,2018,23,721
Maya Yoshida,southampton-fc,2019,17,721
Maynor Figueroa,hull-city,2015,2,722
Mehdi Abeid,newcastle-united,2015,7,723
Memphis Depay,manchester-united,2016,16,724
Mesut Ãzil,arsenal-fc,2015,21,725
Mesut Ãzil,arsenal-fc,2016,35,725
Mesut Ãzil,arsenal-fc,2017,32,725
Mesut Ãzil,arsenal-fc,2018,24,725
Mesut Ãzil,arsenal-fc,2019,20,725
Micah Richards,aston-villa,2016,23,726
Michael Carrick,manchester-united,2015,16,727
Michael Carrick,manchester-united,2016,22,727
Michael Carrick,manchester-united,2017,18,727
Michael Carrick,manchester-united,2018,1,727
Michael Dawson,hull-city,2015,28,728
Michael Dawson,hull-city,2017,19,728
Michael Duff,burnley-fc,2015,21,729
Michael Keane,burnley-fc,2015,17,730
Michael Keane,burnley-fc,2017,35,730
Michael Keane,everton-fc,2018,29,730
Michael Keane,everton-fc,2019,33,730
Michael Kightly,burnley-fc,2015,10,731
Michael Kightly,burnley-fc,2017,1,731
Michael Obafemi,southampton-fc,2019,1,732
Michail Antonio,west-ham-united,2016,23,733
Michail Antonio,west-ham-united,2017,29,733
Michail Antonio,west-ham-united,2018,16,733
Michail Antonio,west-ham-united,2019,22,733
Michel Vorm,tottenham-hotspur,2015,3,734
Michel Vorm,tottenham-hotspur,2016,1,734
Michel Vorm,tottenham-hotspur,2017,4,734
Michel Vorm,tottenham-hotspur,2018,1,734
Michel Vorm,tottenham-hotspur,2019,2,734
Michy Batshuayi,chelsea-fc,2017,1,735
Michy Batshuayi,chelsea-fc,2018,3,735
Michy Batshuayi,crystal-palace,2019,9,735
Miguel AlmirÃ³n,newcastle-united,2019,9,736
Miguel Britos,watford-fc,2016,24,737
Miguel Britos,watford-fc,2017,27,737
Miguel Britos,watford-fc,2018,10,737
Miguel Britos,watford-fc,2019,2,737
Miguel LayÃºn,watford-fc,2016,2,738
Mike Williamson,newcastle-united,2015,27,739
Mike van der Hoorn,swansea-city,2017,7,740
Mike van der Hoorn,swansea-city,2018,24,740
Mile Jedinak,crystal-palace,2015,24,741
Mile Jedinak,crystal-palace,2016,16,741
Mile Jedinak,crystal-palace,2017,1,741
Modou Barrow,swansea-city,2015,1,742
Modou Barrow,swansea-city,2016,6,742
Modou Barrow,swansea-city,2017,12,742
Mohamed Elneny,arsenal-fc,2016,9,743
Mohamed Elneny,arsenal-fc,2017,8,743
Mohamed Elneny,arsenal-fc,2018,11,743
Mohamed Elneny,arsenal-fc,2019,5,743
Mohamed Elyounoussi,southampton-fc,2019,8,744
Mohamed Salah,liverpool-fc,2018,34,745
Mohamed Salah,liverpool-fc,2019,37,745
Molla WaguÃ©,watford-fc,2018,5,746
Momo DiamÃ©,hull-city,2015,10,747
Momo DiamÃ©,newcastle-united,2018,23,747
Momo DiamÃ©,newcastle-united,2019,24,747
Morgan Amalfitano,west-ham-united,2015,14,748
Morgan Gibbs-White,wolverhampton-wanderers,2019,5,749
Morgan Schneiderlin,everton-fc,2017,12,750
Morgan Schneiderlin,everton-fc,2018,24,750
Morgan Schneiderlin,everton-fc,2019,10,750
Morgan Schneiderlin,manchester-united,2016,25,750
Morgan Schneiderlin,southampton-fc,2015,24,750
Moritz Bauer,stoke-city,2018,15,751
Mousa DembÃ©lÃ©,tottenham-hotspur,2015,10,752
Mousa DembÃ©lÃ©,tottenham-hotspur,2016,27,752
Mousa DembÃ©lÃ©,tottenham-hotspur,2017,24,752
Mousa DembÃ©lÃ©,tottenham-hotspur,2018,21,752
Mousa DembÃ©lÃ©,tottenham-hotspur,2019,7,752
Moussa Sissoko,newcastle-united,2015,34,753
Moussa Sissoko,newcastle-united,2016,37,753
Moussa Sissoko,tottenham-hotspur,2017,8,753
Moussa Sissoko,tottenham-hotspur,2018,15,753
Moussa Sissoko,tottenham-hotspur,2019,27,753
Muhamed BeÅ¡iÄ,everton-fc,2015,15,754
Muhamed BeÅ¡iÄ,everton-fc,2016,7,754
N'Golo KantÃ©,chelsea-fc,2017,35,755
N'Golo KantÃ©,chelsea-fc,2018,34,755
N'Golo KantÃ©,chelsea-fc,2019,36,755
N'Golo KantÃ©,leicester-city,2016,33,755
Nabil Bentaleb,tottenham-hotspur,2015,25,756
Nabil Bentaleb,tottenham-hotspur,2016,2,756
Naby KeÃ¯ta,liverpool-fc,2019,16,757
Nacer Chadli,tottenham-hotspur,2015,28,758
Nacer Chadli,tottenham-hotspur,2016,10,758
Nacer Chadli,west-bromwich-albion,2017,27,758
Nacer Chadli,west-bromwich-albion,2018,2,758
Nampalys Mendy,leicester-city,2017,4,759
Nampalys Mendy,leicester-city,2019,23,759
Nathan AkÃ©,afc-bournemouth,2017,8,760
Nathan AkÃ©,afc-bournemouth,2018,37,760
Nathan AkÃ©,afc-bournemouth,2019,38,760
Nathan AkÃ©,chelsea-fc,2017,1,760
Nathan AkÃ©,watford-fc,2016,20,760
Nathan Baker,aston-villa,2015,8,761
Nathan Dyer,swansea-city,2015,23,762
Nathan Dyer,swansea-city,2017,3,762
Nathan Dyer,swansea-city,2018,16,762
Nathan Redmond,norwich-city,2016,24,763
Nathan Redmond,southampton-fc,2017,32,763
Nathan Redmond,southampton-fc,2018,22,763
Nathan Redmond,southampton-fc,2019,36,763
Nathaniel Chalobah,chelsea-fc,2017,1,764
Nathaniel Chalobah,watford-fc,2018,5,764
Nathaniel Chalobah,watford-fc,2019,3,764
Nathaniel Clyne,afc-bournemouth,2019,13,765
Nathaniel Clyne,liverpool-fc,2016,33,765
Nathaniel Clyne,liverpool-fc,2017,37,765
Nathaniel Clyne,liverpool-fc,2018,2,765
Nathaniel Clyne,liverpool-fc,2019,1,765
Nathaniel Clyne,southampton-fc,2015,35,765
Nathaniel Mendez-Laing,cardiff-city,2019,11,766
Nedum Onuoha,queens-park-rangers,2015,22,767
Neil Etheridge,cardiff-city,2019,38,768
Neil Taylor,swansea-city,2015,34,769
Neil Taylor,swansea-city,2016,33,769
Neil Taylor,swansea-city,2017,11,769
Nemanja MatiÄ,chelsea-fc,2015,35,770
Nemanja MatiÄ,chelsea-fc,2016,28,770
Nemanja MatiÄ,chelsea-fc,2017,30,770
Nemanja MatiÄ,manchester-united,2018,35,770
Nemanja MatiÄ,manchester-united,2019,28,770
Nick Pope,burnley-fc,2018,34,771
NicolÃ¡s Otamendi,manchester-city,2016,30,772
NicolÃ¡s Otamendi,manchester-city,2017,29,772
NicolÃ¡s Otamendi,manchester-city,2018,33,772
NicolÃ¡s Otamendi,manchester-city,2019,14,772
Nikica JelaviÄ,hull-city,2015,21,773
Nikica JelaviÄ,west-ham-united,2016,1,773
Niko KranjÄar,queens-park-rangers,2015,11,774
Nikola VlaÅ¡iÄ,everton-fc,2018,7,775
Nordin Amrabat,watford-fc,2016,4,776
Nordin Amrabat,watford-fc,2017,25,776
Nordin Amrabat,watford-fc,2018,3,776
Odion Ighalo,watford-fc,2016,36,777
Odion Ighalo,watford-fc,2017,14,777
Ola Toivonen,sunderland-afc,2016,9,778
Oleksandr Zinchenko,manchester-city,2018,6,779
Oleksandr Zinchenko,manchester-city,2019,14,779
Oliver Burke,west-bromwich-albion,2018,2,780
Oliver McBurnie,swansea-city,2018,2,781
Oliver Skipp,tottenham-hotspur,2019,2,782
Olivier Giroud,arsenal-fc,2015,21,783
Olivier Giroud,arsenal-fc,2016,26,783
Olivier Giroud,arsenal-fc,2017,11,783
Olivier Giroud,arsenal-fc,2018,1,783
Olivier Giroud,chelsea-fc,2018,6,783
Olivier Giroud,chelsea-fc,2019,7,783
Omar Elabdellaoui,hull-city,2017,7,784
Orestis Karnezis,watford-fc,2018,14,785
Oumar Niasse,cardiff-city,2019,12,786
Oumar Niasse,everton-fc,2016,2,786
Oumar Niasse,everton-fc,2018,10,786
Oumar Niasse,hull-city,2017,12,786
Oussama Assaidi,stoke-city,2015,1,787
Pablo Zabaleta,manchester-city,2015,29,788
Pablo Zabaleta,manchester-city,2016,12,788
Pablo Zabaleta,manchester-city,2017,11,788
Pablo Zabaleta,west-ham-united,2018,37,788
Pablo Zabaleta,west-ham-united,2019,23,788
Paddy McNair,manchester-united,2015,12,789
Paddy McNair,manchester-united,2016,3,789
Paddy McNair,sunderland-afc,2017,5,789
Papa N'Diaye,stoke-city,2018,13,790
Pape SouarÃ©,crystal-palace,2015,7,791
Pape SouarÃ©,crystal-palace,2016,34,791
Pape SouarÃ©,crystal-palace,2017,3,791
Papiss Demba CissÃ©,newcastle-united,2015,11,792
Papiss Demba CissÃ©,newcastle-united,2016,14,792
Papy Djilobodji,sunderland-afc,2017,17,793
Pascal GroÃ,brighton-hove-albion,2018,35,794
Pascal GroÃ,brighton-hove-albion,2019,24,794
Patrice Evra,west-ham-united,2018,3,795
Patrick Bamford,middlesbrough-fc,2017,2,796
Patrick Bamford,norwich-city,2016,2,796
Patrick van Aanholt,crystal-palace,2017,8,797
Patrick van Aanholt,crystal-palace,2018,25,797
Patrick van Aanholt,crystal-palace,2019,36,797
Patrick van Aanholt,sunderland-afc,2015,26,797
Patrick van Aanholt,sunderland-afc,2016,33,797
Patrick van Aanholt,sunderland-afc,2017,20,797
Paul Dummett,newcastle-united,2015,24,798
Paul Dummett,newcastle-united,2016,23,798
Paul Dummett,newcastle-united,2018,19,798
Paul Dummett,newcastle-united,2019,21,798
Paul Konchesky,leicester-city,2015,26,799
Paul McShane,hull-city,2015,19,800
Paul Pogba,manchester-united,2017,29,801
Paul Pogba,manchester-united,2018,25,801
Paul Pogba,manchester-united,2019,34,801
Paul Robinson,burnley-fc,2017,3,802
Paulo Gazzaniga,southampton-fc,2015,2,803
Paulo Gazzaniga,southampton-fc,2016,2,803
Paulo Gazzaniga,tottenham-hotspur,2018,1,803
Paulo Gazzaniga,tottenham-hotspur,2019,3,803
Per Mertesacker,arsenal-fc,2015,35,804
Per Mertesacker,arsenal-fc,2016,24,804
Per Mertesacker,arsenal-fc,2018,4,804
Peter Crouch,stoke-city,2015,17,805
Peter Crouch,stoke-city,2016,4,805
Peter Crouch,stoke-city,2017,13,805
Peter Crouch,stoke-city,2018,14,805
Peter Odemwingie,stoke-city,2015,1,806
Petr Äech,arsenal-fc,2016,34,807
Petr Äech,arsenal-fc,2017,35,807
Petr Äech,arsenal-fc,2018,34,807
Petr Äech,arsenal-fc,2019,7,807
Petr Äech,chelsea-fc,2015,6,807
Phil Bardsley,burnley-fc,2018,13,808
Phil Bardsley,burnley-fc,2019,19,808
Phil Bardsley,stoke-city,2015,24,808
Phil Bardsley,stoke-city,2016,9,808
Phil Bardsley,stoke-city,2017,14,808
Phil Foden,manchester-city,2019,3,809
Phil Jagielka,everton-fc,2015,37,810
Phil Jagielka,everton-fc,2016,21,810
Phil Jagielka,everton-fc,2017,25,810
Phil Jagielka,everton-fc,2018,23,810
Phil Jagielka,everton-fc,2019,4,810
Phil Jones,manchester-united,2015,22,811
Phil Jones,manchester-united,2016,6,811
Phil Jones,manchester-united,2017,18,811
Phil Jones,manchester-united,2018,23,811
Phil Jones,manchester-united,2019,15,811
Philip Billing,huddersfield-town,2018,8,812
Philip Billing,huddersfield-town,2019,25,812
Philipp Wollscheid,stoke-city,2015,12,813
Philipp Wollscheid,stoke-city,2016,30,813
Philipp Wollscheid,stoke-city,2017,2,813
Philippe Senderos,aston-villa,2015,7,814
Pierre-Emerick Aubameyang,arsenal-fc,2018,12,815
Pierre-Emerick Aubameyang,arsenal-fc,2019,30,815
Pierre-Emile HÃ¸jbjerg,southampton-fc,2017,14,816
Pierre-Emile HÃ¸jbjerg,southampton-fc,2018,19,816
Pierre-Emile HÃ¸jbjerg,southampton-fc,2019,31,816
Rachid Ghezzal,leicester-city,2019,8,817
Radamel Falcao,chelsea-fc,2016,1,818
Radamel Falcao,manchester-united,2015,14,818
Ragnar Klavan,liverpool-fc,2017,15,819
Ragnar Klavan,liverpool-fc,2018,15,819
Raheem Sterling,liverpool-fc,2015,34,820
Raheem Sterling,manchester-city,2016,23,820
Raheem Sterling,manchester-city,2017,29,820
Raheem Sterling,manchester-city,2018,29,820
Raheem Sterling,manchester-city,2019,31,820
Rajiv van La Parra,huddersfield-town,2018,26,821
Rajiv van La Parra,huddersfield-town,2019,5,821
Ramadan Sobhi,stoke-city,2017,8,822
Ramadan Sobhi,stoke-city,2018,12,822
Ramiro Funes Mori,everton-fc,2016,24,823
Ramiro Funes Mori,everton-fc,2017,16,823
Ramiro Funes Mori,everton-fc,2018,1,823
RaÃºl JimÃ©nez,wolverhampton-wanderers,2019,36,824
Reece Burke,west-ham-united,2015,4,825
Reece Grego-Cox,queens-park-rangers,2015,1,826
Reece Oxford,west-ham-united,2016,3,827
Rees Greenwood,sunderland-afc,2016,1,828
Reiss Nelson,arsenal-fc,2018,2,829
Ricardo Ãlvarez,sunderland-afc,2015,5,830
Richard Dunne,queens-park-rangers,2015,22,831
Rickie Lambert,liverpool-fc,2015,7,832
Rickie Lambert,west-bromwich-albion,2016,5,832
Rio Ferdinand,queens-park-rangers,2015,11,833
Ritchie De Laet,leicester-city,2015,20,834
Ritchie De Laet,leicester-city,2016,7,834
Riyad Mahrez,leicester-city,2015,25,835
Riyad Mahrez,leicester-city,2016,36,835
Riyad Mahrez,leicester-city,2017,33,835
Riyad Mahrez,leicester-city,2018,34,835
Riyad Mahrez,manchester-city,2019,14,835
Rob Elliot,newcastle-united,2015,3,836
Rob Elliot,newcastle-united,2016,21,836
Rob Elliot,newcastle-united,2018,16,836
Rob Holding,arsenal-fc,2017,9,837
Rob Holding,arsenal-fc,2018,9,837
Rob Holding,arsenal-fc,2019,9,837
Robbie Brady,burnley-fc,2017,7,838
Robbie Brady,burnley-fc,2018,15,838
Robbie Brady,burnley-fc,2019,6,838
Robbie Brady,hull-city,2015,17,838
Robbie Brady,norwich-city,2016,34,838
Robert Green,queens-park-rangers,2015,36,839
Robert Huth,leicester-city,2015,14,840
Robert Huth,leicester-city,2016,35,840
Robert Huth,leicester-city,2017,33,840
Robert Snodgrass,hull-city,2015,1,841
Robert Snodgrass,hull-city,2017,19,841
Robert Snodgrass,west-ham-united,2017,8,841
Robert Snodgrass,west-ham-united,2019,25,841
Roberto Pereyra,watford-fc,2017,12,842
Roberto Pereyra,watford-fc,2018,18,842
Roberto Pereyra,watford-fc,2019,33,842
Robin van Persie,manchester-united,2015,25,843
Rolando Aarons,newcastle-united,2016,3,844
Rolando Aarons,newcastle-united,2018,1,844
Romain SaÃ¯ss,wolverhampton-wanderers,2019,12,845
Romelu Lukaku,everton-fc,2015,32,846
Romelu Lukaku,everton-fc,2016,36,846
Romelu Lukaku,everton-fc,2017,36,846
Romelu Lukaku,manchester-united,2018,33,846
Romelu Lukaku,manchester-united,2019,22,846
Ron Vlaar,aston-villa,2015,19,847
Ron-Robert Zieler,leicester-city,2017,8,848
Ross Barkley,chelsea-fc,2018,2,849
Ross Barkley,chelsea-fc,2019,13,849
Ross Barkley,everton-fc,2015,22,849
Ross Barkley,everton-fc,2016,36,849
Ross Barkley,everton-fc,2017,32,849
Ross Wallace,burnley-fc,2015,1,850
Ruben Loftus-Cheek,chelsea-fc,2015,2,851
Ruben Loftus-Cheek,chelsea-fc,2016,4,851
Ruben Loftus-Cheek,chelsea-fc,2019,6,851
Ruben Loftus-Cheek,crystal-palace,2018,21,851
Rudy Gestede,aston-villa,2016,14,852
Rudy Gestede,middlesbrough-fc,2017,4,852
Russell Martin,norwich-city,2016,30,853
Ryan Allsop,afc-bournemouth,2017,1,854
Ryan Babel,fulham-fc,2019,15,855
Ryan Bennett,norwich-city,2016,20,856
Ryan Bennett,wolverhampton-wanderers,2019,34,856
Ryan Bertrand,southampton-fc,2015,34,857
Ryan Bertrand,southampton-fc,2016,32,857
Ryan Bertrand,southampton-fc,2017,28,857
Ryan Bertrand,southampton-fc,2018,35,857
Ryan Bertrand,southampton-fc,2019,24,857
Ryan Fraser,afc-bournemouth,2017,19,858
Ryan Fraser,afc-bournemouth,2018,23,858
Ryan Fraser,afc-bournemouth,2019,35,858
Ryan Fredericks,west-ham-united,2019,12,859
Ryan Mason,hull-city,2017,11,860
Ryan Mason,tottenham-hotspur,2015,29,860
Ryan Mason,tottenham-hotspur,2016,8,860
Ryan Sessegnon,fulham-fc,2019,26,861
Ryan Shawcross,stoke-city,2015,32,862
Ryan Shawcross,stoke-city,2016,20,862
Ryan Shawcross,stoke-city,2017,35,862
Ryan Shawcross,stoke-city,2018,27,862
Ryan Taylor,newcastle-united,2015,11,863
RÃ©my Cabella,newcastle-united,2015,21,864
Sadio ManÃ©,liverpool-fc,2017,26,865
Sadio ManÃ©,liverpool-fc,2018,28,865
Sadio ManÃ©,liverpool-fc,2019,35,865
Sadio ManÃ©,southampton-fc,2015,24,865
Sadio ManÃ©,southampton-fc,2016,30,865
Saido Berahino,stoke-city,2017,8,866
Saido Berahino,stoke-city,2018,3,866
Saido Berahino,west-bromwich-albion,2015,32,866
Saido Berahino,west-bromwich-albion,2016,17,866
Saido Berahino,west-bromwich-albion,2017,3,866
SalomÃ³n RondÃ³n,newcastle-united,2019,30,867
SalomÃ³n RondÃ³n,west-bromwich-albion,2016,30,867
SalomÃ³n RondÃ³n,west-bromwich-albion,2017,32,867
SalomÃ³n RondÃ³n,west-bromwich-albion,2018,32,867
Sam Byram,west-ham-united,2016,2,868
Sam Byram,west-ham-united,2017,13,868
Sam Byram,west-ham-united,2018,2,868
Sam Clucas,hull-city,2017,36,869
Sam Clucas,swansea-city,2018,23,869
Sam Field,west-bromwich-albion,2017,4,870
Sam Field,west-bromwich-albion,2018,7,870
Sam Vokes,burnley-fc,2015,5,871
Sam Vokes,burnley-fc,2017,21,871
Sam Vokes,burnley-fc,2018,7,871
Sam Vokes,burnley-fc,2019,10,871
Samir Nasri,manchester-city,2015,18,872
Samir Nasri,manchester-city,2016,4,872
Samir Nasri,west-ham-united,2019,3,872
Sammy Ameobi,newcastle-united,2015,15,873
Samuel Eto'o,everton-fc,2015,8,874
Samuel McQueen,southampton-fc,2017,5,875
Samuel McQueen,southampton-fc,2018,1,875
Santiago Vergini,sunderland-afc,2015,28,876
Scott Arfield,burnley-fc,2015,36,877
Scott Arfield,burnley-fc,2017,23,877
Scott Arfield,burnley-fc,2018,15,877
Scott Dann,crystal-palace,2015,34,878
Scott Dann,crystal-palace,2016,35,878
Scott Dann,crystal-palace,2017,19,878
Scott Dann,crystal-palace,2018,16,878
Scott Dann,crystal-palace,2019,7,878
Scott Malone,huddersfield-town,2018,12,879
Scott McTominay,manchester-united,2017,1,880
Scott McTominay,manchester-united,2018,7,880
Scott McTominay,manchester-united,2019,9,880
Scott Sinclair,aston-villa,2015,5,881
Scott Sinclair,aston-villa,2016,19,881
Sead KolaÅ¡inac,arsenal-fc,2018,25,882
Sead KolaÅ¡inac,arsenal-fc,2019,22,882
Sean Longstaff,newcastle-united,2019,8,883
Sean Morrison,cardiff-city,2019,34,884
Sebastian Larsson,sunderland-afc,2015,36,885
Sebastian Larsson,sunderland-afc,2016,6,885
Sebastian Larsson,sunderland-afc,2017,17,885
Sebastian PrÃ¶dl,watford-fc,2016,19,886
Sebastian PrÃ¶dl,watford-fc,2017,32,886
Sebastian PrÃ¶dl,watford-fc,2018,17,886
SebastiÃ¡n Coates,sunderland-afc,2015,9,887
SebastiÃ¡n Coates,sunderland-afc,2016,14,887
Serge Aurier,tottenham-hotspur,2018,16,888
Serge Aurier,tottenham-hotspur,2019,6,888
Sergio Romero,manchester-united,2016,4,889
Sergio Romero,manchester-united,2017,2,889
Sergio Romero,manchester-united,2018,1,889
Shane Duffy,brighton-hove-albion,2018,37,890
Shane Duffy,brighton-hove-albion,2019,35,890
Shane Long,southampton-fc,2015,16,891
Shane Long,southampton-fc,2016,23,891
Shane Long,southampton-fc,2017,10,891
Shane Long,southampton-fc,2018,15,891
Shane Long,southampton-fc,2019,12,891
Shaun Maloney,hull-city,2017,2,892
Shaun Wright-Phillips,queens-park-rangers,2015,1,893
Shay Given,aston-villa,2015,3,894
Shay Given,stoke-city,2016,3,894
Shay Given,stoke-city,2017,5,894
Sheyi Ojo,liverpool-fc,2016,5,895
Shinji Okazaki,leicester-city,2016,28,896
Shinji Okazaki,leicester-city,2017,21,896
Shinji Okazaki,leicester-city,2018,17,896
Shinji Okazaki,leicester-city,2019,1,896
Shkodran Mustafi,arsenal-fc,2017,26,897
Shkodran Mustafi,arsenal-fc,2018,25,897
Shkodran Mustafi,arsenal-fc,2019,31,897
Siem de Jong,newcastle-united,2015,1,898
Siem de Jong,newcastle-united,2016,3,898
Simon Francis,afc-bournemouth,2016,38,899
Simon Francis,afc-bournemouth,2017,34,899
Simon Francis,afc-bournemouth,2018,31,899
Simon Francis,afc-bournemouth,2019,13,899
Simon Mignolet,liverpool-fc,2015,35,900
Simon Mignolet,liverpool-fc,2016,34,900
Simon Mignolet,liverpool-fc,2017,28,900
Simon Mignolet,liverpool-fc,2018,19,900
Simone Zaza,west-ham-united,2017,5,901
Sofiane Boufal,southampton-fc,2017,12,902
Sofiane Boufal,southampton-fc,2018,11,902
Sofiane FÃ©ghouli,west-ham-united,2017,11,903
Sokratis Papastathopoulos,arsenal-fc,2019,25,904
Solomon March,brighton-hove-albion,2018,18,905
Solomon March,brighton-hove-albion,2019,30,905
Sone Aluko,hull-city,2015,13,906
Souleymane Bamba,cardiff-city,2019,28,907
Stefan Johansen,fulham-fc,2019,4,908
Stefano Okaka,watford-fc,2017,10,909
Stefano Okaka,watford-fc,2018,3,909
Stephan Lichtsteiner,arsenal-fc,2019,10,910
Stephen Ireland,stoke-city,2015,11,911
Stephen Ireland,stoke-city,2018,1,911
Stephen Kingsley,swansea-city,2016,4,912
Stephen Kingsley,swansea-city,2017,12,912
Stephen Quinn,hull-city,2015,17,913
Stephen Ward,burnley-fc,2015,7,914
Stephen Ward,burnley-fc,2017,37,914
Stephen Ward,burnley-fc,2018,28,914
Stephen Ward,burnley-fc,2019,3,914
Stevan JovetiÄ,manchester-city,2015,9,915
Steve Cook,afc-bournemouth,2016,36,916
Steve Cook,afc-bournemouth,2017,38,916
Steve Cook,afc-bournemouth,2018,31,916
Steve Cook,afc-bournemouth,2019,31,916
Steve Harper,hull-city,2015,10,917
Steve Mandanda,crystal-palace,2017,9,918
Steve MouniÃ©,huddersfield-town,2018,21,919
Steve MouniÃ©,huddersfield-town,2019,19,919
Steven Caulker,queens-park-rangers,2015,34,920
Steven Caulker,southampton-fc,2016,1,920
Steven Davis,southampton-fc,2015,32,921
Steven Davis,southampton-fc,2016,31,921
Steven Davis,southampton-fc,2017,29,921
Steven Davis,southampton-fc,2018,17,921
Steven Davis,southampton-fc,2019,1,921
Steven Defour,burnley-fc,2017,16,922
Steven Defour,burnley-fc,2018,24,922
Steven Defour,burnley-fc,2019,6,922
Steven Fletcher,sunderland-afc,2015,20,923
Steven Fletcher,sunderland-afc,2016,11,923
Steven Gerrard,liverpool-fc,2015,25,924
Steven N'Zonzi,stoke-city,2015,38,925
Steven Naismith,everton-fc,2015,22,926
Steven Naismith,everton-fc,2016,4,926
Steven Naismith,norwich-city,2016,11,926
Steven Pienaar,everton-fc,2015,3,927
Steven Pienaar,sunderland-afc,2017,10,927
Steven Reid,burnley-fc,2015,1,928
Steven Sidwell,stoke-city,2015,5,929
Steven Taylor,newcastle-united,2015,7,930
Steven Taylor,newcastle-united,2016,9,930
Steven Whittaker,norwich-city,2016,8,931
Stewart Downing,middlesbrough-fc,2017,24,932
Stewart Downing,west-ham-united,2015,37,932
Stuart Armstrong,southampton-fc,2019,16,933
Stuart O'Keefe,crystal-palace,2015,1,934
StÃ©phane SessÃ¨gnon,west-bromwich-albion,2015,20,935
StÃ©phane SessÃ¨gnon,west-bromwich-albion,2016,21,935
Suk-young Yun,queens-park-rangers,2015,19,936
Sung-yueng Ki,newcastle-united,2019,14,937
Sung-yueng Ki,swansea-city,2015,30,937
Sung-yueng Ki,swansea-city,2016,21,937
Sung-yueng Ki,swansea-city,2017,13,937
Sung-yueng Ki,swansea-city,2018,21,937
Sylvain Distin,afc-bournemouth,2016,9,938
Sylvain Distin,everton-fc,2015,12,938
SÃ©amus Coleman,everton-fc,2015,34,939
SÃ©amus Coleman,everton-fc,2016,27,939
SÃ©amus Coleman,everton-fc,2017,26,939
SÃ©amus Coleman,everton-fc,2018,12,939
SÃ©amus Coleman,everton-fc,2019,29,939
SÃ©bastien Bassong,norwich-city,2016,30,940
SÃ©bastien Pocognoli,west-bromwich-albion,2015,15,941
Tammy Abraham,swansea-city,2018,15,942
Terence Kongolo,huddersfield-town,2018,11,943
Terence Kongolo,huddersfield-town,2019,32,943
Theo Walcott,arsenal-fc,2015,4,944
Theo Walcott,arsenal-fc,2016,15,944
Theo Walcott,arsenal-fc,2017,23,944
Theo Walcott,everton-fc,2018,13,944
Theo Walcott,everton-fc,2019,24,944
Thibaut Courtois,chelsea-fc,2015,32,945
Thibaut Courtois,chelsea-fc,2016,23,945
Thibaut Courtois,chelsea-fc,2017,36,945
Thibaut Courtois,chelsea-fc,2018,35,945
TiemouÃ© Bakayoko,chelsea-fc,2018,24,946
Tim Howard,everton-fc,2015,32,947
Tim Howard,everton-fc,2016,25,947
Tim Krul,newcastle-united,2015,30,948
Tim Krul,newcastle-united,2016,8,948
Tim Ream,fulham-fc,2019,25,949
Timm Klose,norwich-city,2016,10,950
Timothy Fosu-Mensah,crystal-palace,2018,17,951
Timothy Fosu-Mensah,fulham-fc,2019,10,951
Timothy Fosu-Mensah,manchester-united,2016,2,951
Timothy Fosu-Mensah,manchester-united,2017,1,951
Toby Alderweireld,southampton-fc,2015,26,952
Toby Alderweireld,tottenham-hotspur,2016,38,952
Toby Alderweireld,tottenham-hotspur,2017,30,952
Toby Alderweireld,tottenham-hotspur,2018,13,952
Toby Alderweireld,tottenham-hotspur,2019,33,952
Tom Cairney,fulham-fc,2019,24,953
Tom Carroll,swansea-city,2015,8,954
Tom Carroll,swansea-city,2017,16,954
Tom Carroll,swansea-city,2018,28,954
Tom Carroll,tottenham-hotspur,2016,4,954
Tom Cleverley,aston-villa,2015,31,955
Tom Cleverley,everton-fc,2016,17,955
Tom Cleverley,everton-fc,2017,4,955
Tom Cleverley,manchester-united,2015,1,955
Tom Cleverley,watford-fc,2017,16,955
Tom Cleverley,watford-fc,2018,22,955
Tom Cleverley,watford-fc,2019,4,955
Tom Davies,everton-fc,2016,1,956
Tom Davies,everton-fc,2017,18,956
Tom Davies,everton-fc,2018,20,956
Tom Davies,everton-fc,2019,10,956
Tom Edwards,stoke-city,2018,6,957
Tom Heaton,burnley-fc,2015,38,958
Tom Heaton,burnley-fc,2017,35,958
Tom Heaton,burnley-fc,2018,4,958
Tom Heaton,burnley-fc,2019,19,958
Tom Huddlestone,hull-city,2015,30,959
Tom Huddlestone,hull-city,2017,23,959
Tom Ince,huddersfield-town,2018,27,960
Tom Ince,hull-city,2015,3,960
Tom Robson,sunderland-afc,2016,1,961
Tom Smith,huddersfield-town,2018,21,962
Tom Smith,huddersfield-town,2019,13,962
Tomer Hemed,brighton-hove-albion,2018,9,963
Tommy Elphick,afc-bournemouth,2016,11,964
TomÃ¡Å¡ RosickÃ½,arsenal-fc,2015,5,965
Tony Hibbert,everton-fc,2015,4,966
Trent Alexander-Arnold,liverpool-fc,2017,2,967
Trent Alexander-Arnold,liverpool-fc,2018,18,967
Trent Alexander-Arnold,liverpool-fc,2019,27,967
Troy Deeney,watford-fc,2016,36,968
Troy Deeney,watford-fc,2017,31,968
Troy Deeney,watford-fc,2018,20,968
Troy Deeney,watford-fc,2019,28,968
Tyias Browning,everton-fc,2016,3,969
Tyler Blackett,manchester-united,2015,6,970
Tyrone Mings,afc-bournemouth,2017,5,971
Tyrone Mings,afc-bournemouth,2018,3,971
Tyrone Mings,afc-bournemouth,2019,2,971
Vadis Odjidja-Ofoe,norwich-city,2016,3,972
Valentin Roberge,sunderland-afc,2015,1,973
Valon Behrami,watford-fc,2016,14,974
Valon Behrami,watford-fc,2017,26,974
Victor Anichebe,sunderland-afc,2017,14,975
Victor Anichebe,west-bromwich-albion,2015,11,975
Victor Anichebe,west-bromwich-albion,2016,3,975
Victor LindelÃ¶f,manchester-united,2018,13,976
Victor LindelÃ¶f,manchester-united,2019,29,976
Victor Moses,chelsea-fc,2017,29,977
Victor Moses,chelsea-fc,2018,25,977
Victor Moses,stoke-city,2015,19,977
Victor Moses,west-ham-united,2016,13,977
Victor Wanyama,southampton-fc,2015,26,978
Victor Wanyama,southampton-fc,2016,29,978
Victor Wanyama,tottenham-hotspur,2017,35,978
Victor Wanyama,tottenham-hotspur,2018,8,978
Victor Wanyama,tottenham-hotspur,2019,4,978
Viktor Fischer,middlesbrough-fc,2017,6,979
Vincent Janssen,tottenham-hotspur,2017,7,980
Vincent Kompany,manchester-city,2015,23,981
Vincent Kompany,manchester-city,2016,13,981
Vincent Kompany,manchester-city,2017,10,981
Vincent Kompany,manchester-city,2018,17,981
Vincent Kompany,manchester-city,2019,13,981
Virgil van Dijk,liverpool-fc,2018,14,982
Virgil van Dijk,liverpool-fc,2019,38,982
Virgil van Dijk,southampton-fc,2016,34,982
Virgil van Dijk,southampton-fc,2017,21,982
Virgil van Dijk,southampton-fc,2018,11,982
Vito Mannone,sunderland-afc,2015,10,983
Vito Mannone,sunderland-afc,2016,19,983
Vito Mannone,sunderland-afc,2017,9,983
Vlad ChiricheÅ,tottenham-hotspur,2015,8,984
Vurnon Anita,newcastle-united,2015,17,985
Vurnon Anita,newcastle-united,2016,24,985
Wahbi Khazri,sunderland-afc,2016,13,986
Wahbi Khazri,sunderland-afc,2017,7,986
Wayne Hennessey,crystal-palace,2015,2,987
Wayne Hennessey,crystal-palace,2016,29,987
Wayne Hennessey,crystal-palace,2017,29,987
Wayne Hennessey,crystal-palace,2018,27,987
Wayne Hennessey,crystal-palace,2019,17,987
Wayne Rooney,everton-fc,2018,27,988
Wayne Rooney,manchester-united,2015,33,988
Wayne Rooney,manchester-united,2016,27,988
Wayne Rooney,manchester-united,2017,15,988
Wayne Routledge,swansea-city,2015,27,989
Wayne Routledge,swansea-city,2016,22,989
Wayne Routledge,swansea-city,2017,24,989
Wayne Routledge,swansea-city,2018,4,989
Wes Brown,sunderland-afc,2015,23,990
Wes Brown,sunderland-afc,2016,6,990
Wes Hoolahan,norwich-city,2016,25,991
Wes Morgan,leicester-city,2015,37,992
Wes Morgan,leicester-city,2016,38,992
Wes Morgan,leicester-city,2017,27,992
Wes Morgan,leicester-city,2018,32,992
Wes Morgan,leicester-city,2019,21,992
Wesley Hoedt,southampton-fc,2018,28,993
Wesley Hoedt,southampton-fc,2019,13,993
Wilfred Ndidi,leicester-city,2017,17,994
Wilfred Ndidi,leicester-city,2018,33,994
Wilfred Ndidi,leicester-city,2019,37,994
Wilfried Bony,manchester-city,2015,2,995
Wilfried Bony,manchester-city,2016,13,995
Wilfried Bony,stoke-city,2017,9,995
Wilfried Bony,swansea-city,2015,16,995
Wilfried Bony,swansea-city,2018,8,995
Wilfried Zaha,crystal-palace,2015,23,996
Wilfried Zaha,crystal-palace,2016,30,996
Wilfried Zaha,crystal-palace,2017,34,996
Wilfried Zaha,crystal-palace,2018,28,996
Wilfried Zaha,crystal-palace,2019,34,996
Will Buckley,sunderland-afc,2015,9,997
Will Hughes,watford-fc,2018,11,998
Will Hughes,watford-fc,2019,31,998
Will Keane,hull-city,2017,4,999
Willy Boly,wolverhampton-wanderers,2019,36,1000
Willy Caballero,chelsea-fc,2018,3,1001
Willy Caballero,chelsea-fc,2019,2,1001
Willy Caballero,manchester-city,2015,2,1001
Willy Caballero,manchester-city,2016,3,1001
Willy Caballero,manchester-city,2017,16,1001
Winston Reid,west-ham-united,2015,29,1002
Winston Reid,west-ham-united,2016,24,1002
Winston Reid,west-ham-united,2017,30,1002
Winston Reid,west-ham-united,2018,17,1002
Wojciech SzczÄsny,arsenal-fc,2015,17,1003
Xherdan Shaqiri,liverpool-fc,2019,11,1004
Xherdan Shaqiri,stoke-city,2016,27,1004
Xherdan Shaqiri,stoke-city,2017,21,1004
Xherdan Shaqiri,stoke-city,2018,36,1004
Yan Valery,southampton-fc,2019,20,1005
Yann M'Vila,sunderland-afc,2016,36,1006
Yannick Bolasie,crystal-palace,2015,31,1007
Yannick Bolasie,crystal-palace,2016,23,1007
Yannick Bolasie,everton-fc,2017,12,1007
Yannick Bolasie,everton-fc,2018,11,1007
Yaya Sanogo,arsenal-fc,2015,2,1008
Yaya Sanogo,crystal-palace,2015,3,1008
Yaya TourÃ©,manchester-city,2015,27,1009
Yaya TourÃ©,manchester-city,2016,28,1009
Yaya TourÃ©,manchester-city,2017,22,1009
Yaya TourÃ©,manchester-city,2018,1,1009
Yerry Mina,everton-fc,2019,10,1010
Yoan Gouffran,newcastle-united,2015,24,1011
Yoan Gouffran,newcastle-united,2016,2,1011
Yohan Benalouane,leicester-city,2017,11,1012
Yohan Benalouane,leicester-city,2018,1,1012
Yohan Cabaye,crystal-palace,2016,32,1013
Yohan Cabaye,crystal-palace,2017,25,1013
Yohan Cabaye,crystal-palace,2018,28,1013
Yoshinori MutÅ,newcastle-united,2019,5,1014
YounÃ¨s Kaboul,sunderland-afc,2016,22,1015
YounÃ¨s Kaboul,sunderland-afc,2017,1,1015
YounÃ¨s Kaboul,tottenham-hotspur,2015,11,1015
YounÃ¨s Kaboul,watford-fc,2017,22,1015
YounÃ¨s Kaboul,watford-fc,2018,2,1015
Youri Tielemans,leicester-city,2019,13,1016
Youssuf Mulumbu,norwich-city,2016,5,1017
Youssuf Mulumbu,west-bromwich-albion,2015,10,1017
Yves Bissouma,brighton-hove-albion,2019,17,1018
Zlatan IbrahimoviÄ,manchester-united,2017,27,1019
Zlatan IbrahimoviÄ,manchester-united,2018,1,1019
ÃdÃ¡m BogdÃ¡n,liverpool-fc,2016,2,1020
Ãngel Di MarÃ­a,manchester-united,2015,20,1021
ÃaÄlar SÃ¶yÃ¼ncÃ¼,leicester-city,2019,4,1022
Ãrik Lamela,tottenham-hotspur,2015,25,1023
Ãrik Lamela,tottenham-hotspur,2016,28,1023
Ãrik Lamela,tottenham-hotspur,2017,6,1023
Ãrik Lamela,tottenham-hotspur,2018,7,1023
Ãrik Lamela,tottenham-hotspur,2019,9,1023
Ãtienne Capoue,tottenham-hotspur,2015,11,1024
Ãtienne Capoue,watford-fc,2016,33,1024
Ãtienne Capoue,watford-fc,2017,37,1024
Ãtienne Capoue,watford-fc,2018,18,1024
Ãtienne Capoue,watford-fc,2019,33,1024
Ä°lkay GÃ¼ndoÄan,manchester-city,2017,9,1025
Ä°lkay GÃ¼ndoÄan,manchester-city,2018,15,1025
Ä°lkay GÃ¼ndoÄan,manchester-city,2019,23,1025
Åukasz FabiaÅski,swansea-city,2015,37,1026
Åukasz FabiaÅski,swansea-city,2016,37,1026
Åukasz FabiaÅski,swansea-city,2017,37,1026
Åukasz FabiaÅski,swansea-city,2018,38,1026
Åukasz FabiaÅski,west-ham-united,2019,38,1026
